Latitude,Longitude,heading,v,Dt_you_Generate_in_second,,
46.46891,-80.975292,272.78,11.508,100,,
46.468924,-80.975271,272.78,11.601,200,,
46.468938,-80.975249,272.79,11.693,300,,
46.468951,-80.975226,272.79,11.498,400,,
46.468965,-80.975203,272.8,11.714,500,,
46.46897,-80.97516,274.07,11.652,600,,
46.468984,-80.975137,274.07,11.59,700,,
46.468996,-80.975114,274.08,11.318,800,,
46.469009,-80.97509,274.07,11.246,900,,
46.469021,-80.975067,274.07,11.271,1000,,
46.469017,-80.975024,274.66,11.354,1100,,
46.469029,-80.975,274.64,11.307,1200,,
46.469042,-80.974978,274.62,11.199,1300,,
46.469054,-80.974956,274.6,10.824,1400,,
46.469066,-80.974932,274.57,10.937,1500,,
46.469078,-80.974902,272.95,10.989,1600,,
46.469089,-80.974878,272.92,11.318,1700,,
46.4691,-80.974853,272.89,11.194,1800,,
46.469111,-80.974829,272.85,11.04,1900,,
46.469121,-80.974804,272.81,10.937,2000,,
46.469136,-80.974782,271.76,10.886,2100,,
46.469146,-80.974758,271.71,10.582,2200,,
46.469155,-80.974734,271.66,10.33,2300,,
46.469164,-80.974711,271.61,9.939,2400,,
46.469172,-80.974688,271.56,9.754,2500,,
46.469182,-80.974664,271.08,9.491,2600,,
46.46919,-80.974642,271.02,9.435,2700,,
46.469197,-80.974621,270.96,9.085,2800,,
46.469204,-80.9746,270.89,8.535,2900,,
46.469211,-80.97458,270.82,8.288,3000,,
46.469226,-80.974594,271.5,7.717,3100,,
46.469232,-80.974576,271.44,7.423,3200,,
46.469237,-80.974559,271.38,7.274,3300,,
46.469242,-80.974541,271.31,7.115,3400,,
46.46926,-80.974523,271.56,6.214,3500,,
46.469264,-80.974508,271.49,5.849,3600,,
46.469268,-80.974494,271.43,5.983,3700,,
46.469271,-80.974479,271.36,5.577,3800,,
46.469286,-80.974467,271.08,5.139,3900,,
46.469289,-80.974455,271.02,4.738,4000,,
46.469291,-80.974443,270.95,5.222,4100,,
46.469294,-80.97443,270.88,4.81,4200,,
46.469305,-80.974418,270.87,5.114,4300,,
46.469307,-80.974406,270.8,4.728,4400,,
46.46931,-80.974394,270.72,5.047,4500,,
46.469313,-80.974381,270.65,5.412,4600,,
46.469323,-80.974377,270.89,5.304,4700,,
46.469326,-80.974362,270.82,6.091,4800,,
46.469329,-80.974347,270.74,6.204,4900,,
46.469332,-80.974331,270.67,7.063,5000,,
46.469339,-80.974316,270.11,7.557,5100,,
46.469343,-80.974295,270.05,8.324,5200,,
46.469347,-80.974273,269.98,9.034,5300,,
46.469351,-80.974251,269.92,9.291,5400,,
46.469362,-80.974226,268.9,9.445,5500,,
46.469365,-80.974202,268.82,9.836,5600,,
46.469369,-80.974176,268.72,10.165,5700,,
46.469374,-80.97415,268.62,10.685,5800,,
46.469382,-80.974109,268.25,11.174,5900,,
46.469387,-80.97408,268.15,11.652,6000,,
46.469391,-80.974051,268.04,11.915,6100,,
46.469396,-80.974021,267.93,12.136,6200,,
46.469405,-80.973969,267.64,11.673,6300,,
46.46941,-80.973938,267.52,12.28,6400,,
46.469414,-80.973906,267.41,12.753,6500,,
46.469419,-80.973874,267.28,12.671,6600,,
46.469426,-80.973811,267.41,13.036,6700,,
46.469431,-80.973778,267.3,13.329,6800,,
46.469435,-80.973743,267.17,14.055,6900,,
46.469438,-80.973707,267.06,13.715,7000,,
46.469446,-80.973642,266.7,13.628,7100,,
46.469449,-80.973607,266.58,13.736,7200,,
46.469452,-80.973572,266.45,13.972,7300,,
46.469455,-80.973535,266.32,13.844,7400,,
46.469463,-80.973469,265.97,14.559,7500,,
46.469465,-80.973431,265.81,14.61,7600,,
46.469468,-80.973394,265.65,14.559,7700,,
46.469469,-80.973355,265.49,14.811,7800,,
46.469468,-80.973282,264.72,14.657,7900,,
46.469466,-80.973243,264.56,14.698,8000,,
46.469465,-80.973206,264.41,14.909,8100,,
46.469464,-80.973167,264.25,14.795,8200,,
46.469457,-80.973095,264.3,14.41,8300,,
46.469454,-80.973058,264.17,14.548,8400,,
46.469451,-80.97302,264.04,14.672,8500,,
46.469448,-80.972982,263.9,14.729,8600,,
46.46944,-80.972912,263.52,14.811,8700,,
46.469436,-80.972875,263.37,14.765,8800,,
46.46943,-80.972836,263.21,14.847,8900,,
46.469425,-80.972799,263.05,14.929,9000,,
46.469415,-80.972731,262.83,14.785,9100,,
46.469409,-80.972692,262.64,15.078,9200,,
46.469403,-80.972654,262.44,15.161,9300,,
46.469397,-80.972615,262.24,15.233,9400,,
46.469386,-80.972538,261.79,15.691,9500,,
46.469379,-80.972499,261.57,15.706,9600,,
46.469373,-80.97246,261.34,15.505,9700,,
46.469366,-80.97242,261.11,15.495,9800,,
46.469355,-80.972345,260.53,15.562,9900,,
46.469349,-80.972305,260.28,15.665,10000,,
46.469342,-80.972266,260.02,15.865,10100,,
46.469336,-80.972225,259.76,15.799,10200,,
46.469326,-80.972149,258.92,15.685,10300,,
46.46932,-80.972109,258.65,15.685,10400,,
46.469313,-80.972069,258.38,15.932,10500,,
46.469307,-80.97203,258.12,15.495,10600,,
46.469302,-80.971971,257.83,15.397,10700,,
46.469296,-80.971932,257.59,15.402,10800,,
46.46929,-80.971893,257.35,15.336,10900,,
46.469284,-80.971854,257.11,15.12,11000,,
46.469277,-80.971784,256.94,15.022,11100,,
46.469273,-80.971745,256.71,14.991,11200,,
46.469269,-80.971706,256.48,15.15,11300,,
46.469267,-80.971667,256.24,15.078,11400,,
46.469267,-80.971595,256.1,15.001,11500,,
46.469266,-80.971556,255.94,14.965,11600,,
46.469266,-80.971517,255.79,15.027,11700,,
46.469267,-80.971477,255.64,15.449,11800,,
46.469273,-80.971405,255.56,14.765,11900,,
46.469277,-80.971367,255.42,14.934,12000,,
46.469283,-80.971329,255.28,14.811,12100,,
46.469289,-80.971291,255.14,14.873,12200,,
46.469305,-80.971223,255.09,14.641,12300,,
46.469315,-80.971187,254.95,14.831,12400,,
46.469325,-80.971151,254.79,14.95,12500,,
46.469336,-80.971115,254.61,14.646,12600,,
46.469362,-80.971053,254.53,15.058,12700,,
46.469375,-80.971018,254.37,15.3,12800,,
46.469383,-80.971001,254.29,15.269,12900,,
46.469406,-80.970951,254.05,15.557,13000,,
46.469439,-80.970886,253.75,15.747,13100,,
46.469459,-80.970856,253.71,15.752,13200,,
46.469477,-80.970825,253.57,15.572,13300,,
46.469496,-80.970795,253.42,15.526,13400,,
46.469535,-80.970738,253.18,15.413,13500,,
46.469556,-80.970712,253.15,15.516,13600,,
46.469575,-80.970684,253.06,15.068,13700,,
46.469595,-80.970657,252.99,15.202,13800,,
46.469635,-80.970604,252.86,15.068,13900,,
46.469658,-80.970579,252.75,15.125,14000,,
46.469678,-80.970554,252.69,15.063,14100,,
46.469699,-80.97053,252.63,14.831,14200,,
46.469741,-80.970483,252.52,14.878,14300,,
46.469765,-80.970459,252.45,14.986,14400,,
46.469786,-80.970437,252.39,14.765,14500,,
46.469808,-80.970416,252.33,14.78,14600,,
46.469852,-80.970377,252.22,14.574,14700,,
46.469876,-80.970359,252.24,14.425,14800,,
46.469899,-80.970342,252.18,14.507,14900,,
46.469923,-80.970326,252.13,14.348,15000,,
46.469969,-80.970298,252.03,14.137,15100,,
46.469991,-80.970286,251.91,14.055,15200,,
46.470015,-80.970275,251.86,13.993,15300,,
46.470039,-80.970264,251.82,13.869,15400,,
46.470087,-80.970247,251.76,13.808,15500,,
46.470112,-80.970242,251.76,13.581,15600,,
46.470135,-80.970235,251.73,13.401,15700,,
46.470159,-80.97023,251.71,13.329,15800,,
46.470206,-80.970221,251.68,12.933,15900,,
46.47023,-80.970219,251.67,12.671,16000,,
46.470252,-80.970216,251.64,12.367,16100,,
46.470275,-80.970214,251.61,12.218,16200,,
46.470318,-80.970212,251.57,11.853,16300,,
46.470339,-80.970211,251.65,11.621,16400,,
46.47036,-80.97021,251.63,11.436,16500,,
46.47038,-80.970211,251.6,11.174,16600,,
46.470419,-80.970213,251.55,10.623,16700,,
46.47044,-80.970212,251.57,10.366,16800,,
46.470458,-80.970213,251.55,9.965,16900,,
46.470476,-80.970214,251.52,9.888,17000,,
46.470511,-80.970217,251.48,9.466,17100,,
46.470528,-80.970219,251.48,9.198,17200,,
46.470544,-80.97022,251.46,8.848,17300,,
46.470559,-80.970221,251.44,8.504,17400,,
46.470588,-80.970224,251.42,7.917,17500,,
46.470603,-80.970226,251.61,7.614,17600,,
46.470616,-80.970227,251.6,7.259,17700,,
46.470629,-80.970229,251.58,7.228,17800,,
46.470654,-80.970231,251.55,6.75,17900,,
46.470667,-80.970232,251.96,6.333,18000,,
46.470679,-80.970232,251.95,6.091,18100,,
46.47069,-80.970234,251.94,6.05,18200,,
46.47071,-80.970236,251.91,5.16,18300,,
46.470718,-80.970233,251.99,5.098,18400,,
46.470727,-80.970234,251.98,4.543,18500,,
46.470736,-80.970235,251.96,4.831,18600,,
46.470753,-80.970238,251.93,4.208,18700,,
46.470759,-80.970236,251.93,3.735,18800,,
46.470766,-80.970236,251.92,3.205,18900,,
46.470772,-80.970237,251.9,3.123,19000,,
46.470783,-80.970238,251.87,2.644,19100,,
46.470788,-80.970234,251.82,2.5,19200,,
46.470792,-80.970235,251.81,2.32,19300,,
46.470796,-80.970236,251.8,2.114,19400,,
46.470802,-80.970236,251.78,1.713,19500,,
46.470805,-80.970232,251.97,1.291,19600,,
46.470807,-80.970233,251.96,0.823,19700,,
46.470808,-80.970233,251.96,0.432,19800,,
46.470809,-80.970233,251.94,0.195,19900,,
46.470807,-80.970229,252,0.118,20000,,
46.470807,-80.970229,252,0.268,20100,,
46.470806,-80.970229,251.99,0.175,20200,,
46.470807,-80.970229,251.98,0.283,20300,,
46.470807,-80.970227,251.93,0.242,20400,,
46.470807,-80.970227,251.92,0.381,20500,,
46.470806,-80.970227,251.92,0.309,20600,,
46.470807,-80.970228,251.91,0.309,20700,,
46.470813,-80.97023,252.15,0.165,20800,,
46.470813,-80.970231,252.15,0.139,20900,,
46.470813,-80.970231,252.14,0.123,21000,,
46.470815,-80.970231,252.14,0.962,21100,,
46.470819,-80.970231,252.49,0.55,21200,,
46.47082,-80.970231,252.49,0.612,21300,,
46.470821,-80.970231,252.5,0.854,21400,,
46.470827,-80.970231,252.51,2.181,21500,,
46.470831,-80.970226,252.77,2.161,21600,,
46.470836,-80.970226,252.78,2.536,21700,,
46.470841,-80.970226,252.8,3.241,21800,,
46.470855,-80.970225,252.84,4.095,21900,,
46.470858,-80.970219,253.23,4.398,22000,,
46.470866,-80.97022,253.26,4.414,22100,,
46.470874,-80.970221,253.29,4.872,22200,,
46.470893,-80.970226,253.34,5.731,22300,,
46.470903,-80.970231,253.37,5.69,22400,,
46.470912,-80.970238,253.39,5.88,22500,,
46.470922,-80.970245,253.42,6.024,22600,,
46.47094,-80.970262,253.47,6.353,22700,,
46.47095,-80.970275,253.44,6.328,22800,,
46.470959,-80.970286,253.46,6.415,22900,,
46.470966,-80.970299,253.49,6.883,23000,,
46.470981,-80.970329,253.54,7.115,23100,,
46.470988,-80.970352,253.63,7.398,23200,,
46.470993,-80.970369,253.65,7.336,23300,,
46.470997,-80.970388,253.67,7.948,23400,,
46.471004,-80.970428,253.72,7.866,23500,,
46.471009,-80.970452,253.82,7.994,23600,,
46.471011,-80.970473,253.85,8.241,23700,,
46.471011,-80.970484,253.86,8.277,23800,,
46.471013,-80.970662,253.97,10.093,23900,,
46.471007,-80.970715,253.94,10.649,24000,,
46.471006,-80.970743,253.96,10.716,24100,,
46.471005,-80.970771,253.99,10.685,24200,,
46.471004,-80.970799,254.01,10.927,24300,,
46.471002,-80.970831,253.9,11.642,24400,,
46.471001,-80.970861,253.91,11.385,24500,,
46.470999,-80.97089,253.92,11.94,24600,,
46.470998,-80.970922,253.92,12.079,24700,,
46.470996,-80.970953,253.93,12.141,24800,,
46.470992,-80.970992,253.75,12.306,24900,,
46.47099,-80.971024,253.77,12.223,25000,,
46.470988,-80.971056,253.78,12.568,25100,,
46.470987,-80.971088,253.8,12.491,25200,,
46.470986,-80.97112,253.81,12.372,25300,,
46.470982,-80.971159,253.84,12.347,25400,,
46.47098,-80.971192,253.86,12.614,25500,,
46.470979,-80.971224,253.87,12.342,25600,,
46.470977,-80.971256,253.89,12.233,25700,,
46.470976,-80.971288,253.92,12.218,25800,,
46.470973,-80.971325,253.85,12.244,25900,,
46.470972,-80.971357,253.88,12.12,26000,,
46.47097,-80.971388,253.92,12.095,26100,,
46.470968,-80.97142,253.95,12.028,26200,,
46.470967,-80.971451,253.99,11.971,26300,,
46.470964,-80.971484,254.19,12.131,26400,,
46.470962,-80.971516,254.24,12.239,26500,,
46.47096,-80.971548,254.29,12.666,26600,,
46.470959,-80.971581,254.34,12.66,26700,,
46.470957,-80.971615,254.38,12.995,26800,,
46.470955,-80.971648,254.51,13.17,26900,,
46.470953,-80.971682,254.56,13.113,27000,,
46.470951,-80.971717,254.61,13.628,27100,,
46.470949,-80.971753,254.67,13.787,27200,,
46.470948,-80.971789,254.72,13.988,27300,,
46.470946,-80.971827,254.65,14.075,27400,,
46.470944,-80.971864,254.7,14.312,27500,,
46.470942,-80.971902,254.75,14.574,27600,,
46.47094,-80.97194,254.8,14.883,27700,,
46.470938,-80.971979,254.85,15.233,27800,,
46.470937,-80.972016,254.92,15.469,27900,,
46.470935,-80.972055,255.02,14.986,28000,,
46.470933,-80.972094,255.11,14.919,28100,,
46.470931,-80.972133,255.21,15.305,28200,,
46.470929,-80.972174,255.32,15.48,28300,,
46.470929,-80.972212,255.37,15.495,28400,,
46.470927,-80.972253,255.49,15.639,28500,,
46.470924,-80.972294,255.63,15.675,28600,,
46.470922,-80.972335,255.77,15.773,28700,,
46.470919,-80.972376,255.92,16.087,28800,,
46.470918,-80.972416,256.14,16.138,28900,,
46.470916,-80.972459,256.29,16.112,29000,,
46.470914,-80.972501,256.43,16.436,29100,,
46.470912,-80.972544,256.57,16.719,29200,,
46.470911,-80.972588,256.72,17.1,29300,,
46.470911,-80.972631,256.94,16.637,29400,,
46.470909,-80.972674,257.09,16.339,29500,,
46.470907,-80.972717,257.24,16.673,29600,,
46.470905,-80.972761,257.39,16.709,29700,,
46.470904,-80.972805,257.55,16.899,29800,,
46.470905,-80.972847,257.88,16.972,29900,,
46.470903,-80.972891,258.05,16.894,30000,,
46.470901,-80.972935,258.22,17.074,30100,,
46.470899,-80.972979,258.39,17.038,30200,,
46.470897,-80.973024,258.56,17.054,30300,,
46.470898,-80.973068,258.8,17.095,30400,,
46.470896,-80.973112,258.97,17.013,30500,,
46.470893,-80.973157,259.14,17.172,30600,,
46.470891,-80.973201,259.32,17.342,30700,,
46.470889,-80.973246,259.48,17.347,30800,,
46.47089,-80.973293,259.71,17.378,30900,,
46.470887,-80.973338,259.88,17.522,31000,,
46.470885,-80.973384,260.05,17.645,31100,,
46.470883,-80.973429,260.21,17.717,31200,,
46.47088,-80.973476,260.4,17.681,31300,,
46.470882,-80.973521,260.61,17.656,31400,,
46.47088,-80.973567,260.8,17.543,31500,,
46.470877,-80.973613,260.99,17.712,31600,,
46.470874,-80.973659,261.17,17.656,31700,,
46.470871,-80.973705,261.37,17.568,31800,,
46.470871,-80.973751,261.59,17.62,31900,,
46.470867,-80.973797,261.78,17.779,32000,,
46.470863,-80.973842,261.97,17.584,32100,,
46.470859,-80.973888,262.15,17.738,32200,,
46.470856,-80.973933,262.32,17.825,32300,,
46.470853,-80.97398,262.44,17.877,32400,,
46.470849,-80.974025,262.62,17.872,32500,,
46.470844,-80.974072,262.8,17.774,32600,,
46.47084,-80.974118,262.97,18.047,32700,,
46.470835,-80.974165,263.14,18.031,32800,,
46.470831,-80.974214,263.39,17.923,32900,,
46.470825,-80.97426,263.57,18.196,33000,,
46.470819,-80.974307,263.75,18.361,33100,,
46.470813,-80.974354,263.92,18.237,33200,,
46.470807,-80.9744,264.1,18.314,33300,,
46.470801,-80.974445,264.27,18.463,33400,,
46.470793,-80.974491,264.46,18.16,33500,,
46.470786,-80.974537,264.64,18.268,33600,,
46.470778,-80.974583,264.82,18.15,33700,,
46.470771,-80.974629,264.99,18.134,33800,,
46.470764,-80.974675,265.19,18.052,33900,,
46.470759,-80.974698,265.28,18.16,34000,,
46.470741,-80.974789,265.59,18.036,34100,,
46.470723,-80.974878,265.91,17.928,34200,,
46.470713,-80.974918,266.24,17.759,34300,,
46.470703,-80.974961,266.42,17.753,34400,,
46.470693,-80.975005,266.6,17.882,34500,,
46.470673,-80.975093,266.94,17.882,34600,,
46.47066,-80.975132,267.09,17.887,34700,,
46.470649,-80.975176,267.24,17.99,34800,,
46.470637,-80.975219,267.4,17.928,34900,,
46.470614,-80.975307,267.71,17.918,35000,,
46.470603,-80.975352,267.9,17.898,35100,,
46.47059,-80.975395,268.04,17.702,35200,,
46.470578,-80.975437,268.18,17.769,35300,,
46.470552,-80.975522,268.45,17.964,35400,,
46.47054,-80.975566,268.61,17.964,35500,,
46.470526,-80.975607,268.73,17.712,35600,,
46.470512,-80.975649,268.86,17.903,35700,,
46.470485,-80.975731,269.11,17.527,35800,,
46.470471,-80.975774,269.19,17.471,35900,,
46.470456,-80.975814,269.31,17.429,36000,,
46.470442,-80.975855,269.43,17.414,36100,,
46.470413,-80.975935,269.67,17.301,36200,,
46.470399,-80.975977,269.88,17.388,36300,,
46.470384,-80.976017,269.99,17.481,36400,,
46.470369,-80.976057,270.09,17.362,36500,,
46.470339,-80.976135,270.29,17.326,36600,,
46.470323,-80.976175,270.48,17.563,36700,,
46.470307,-80.976214,270.58,17.681,36800,,
46.47029,-80.976253,270.67,17.62,36900,,
46.470258,-80.976332,270.85,17.445,37000,,
46.470242,-80.976374,271,17.63,37100,,
46.470225,-80.976413,271.08,17.687,37200,,
46.470208,-80.976452,271.15,17.579,37300,,
46.470174,-80.97653,271.26,17.553,37400,,
46.470157,-80.976571,271.2,17.424,37500,,
46.470139,-80.976608,271.25,17.584,37600,,
46.47013,-80.976628,271.28,17.728,37700,,
46.470112,-80.976666,271.33,17.702,37800,,
46.470095,-80.976705,271.38,17.769,37900,,
46.47008,-80.976745,271.16,17.949,38000,,
46.470062,-80.976783,271.21,18.114,38100,,
46.470044,-80.976822,271.24,17.877,38200,,
46.470026,-80.976861,271.28,17.867,38300,,
46.470008,-80.9769,271.31,17.959,38400,,
46.469991,-80.97694,271.44,18.031,38500,,
46.469973,-80.976979,271.45,17.975,38600,,
46.469955,-80.977019,271.45,18.016,38700,,
46.469937,-80.977058,271.43,18.134,38800,,
46.469919,-80.977097,271.41,18.088,38900,,
46.469902,-80.977138,271.48,18.294,39000,,
46.469884,-80.977178,271.46,18.325,39100,,
46.469865,-80.977217,271.43,18.386,39200,,
46.469847,-80.977257,271.42,18.397,39300,,
46.469829,-80.977296,271.41,18.535,39400,,
46.469811,-80.977337,271.48,18.355,39500,,
46.469792,-80.977377,271.49,18.355,39600,,
46.469773,-80.977416,271.5,18.463,39700,,
46.469755,-80.977456,271.51,18.386,39800,,
46.469736,-80.977496,271.51,18.489,39900,,
46.469718,-80.977536,271.57,18.469,40000,,
46.469699,-80.977576,271.58,18.381,40100,,
46.46968,-80.977616,271.59,18.448,40200,,
46.469661,-80.977655,271.6,18.433,40300,,
46.469642,-80.977696,271.6,18.469,40400,,
46.469624,-80.977738,271.67,18.474,40500,,
46.469605,-80.977778,271.66,18.705,40600,,
46.469585,-80.977818,271.66,18.417,40700,,
46.469566,-80.977858,271.65,18.607,40800,,
46.469547,-80.977898,271.63,18.788,40900,,
46.469529,-80.97794,271.69,18.726,41000,,
46.469509,-80.97798,271.67,18.793,41100,,
46.46949,-80.97802,271.65,18.577,41200,,
46.46947,-80.97806,271.63,18.86,41300,,
46.469451,-80.9781,271.62,18.793,41400,,
46.469434,-80.978143,271.69,19.009,41500,,
46.469414,-80.978183,271.68,19.06,41600,,
46.469394,-80.978223,271.68,19.029,41700,,
46.469373,-80.978262,271.7,18.715,41800,,
46.469353,-80.978301,271.74,18.726,41900,,
46.469334,-80.978343,271.72,18.788,42000,,
46.469314,-80.978383,271.76,19.019,42100,,
46.469293,-80.978423,271.8,19.076,42200,,
46.469273,-80.978463,271.82,19.189,42300,,
46.469254,-80.978504,271.85,19.076,42400,,
46.469235,-80.978546,271.85,19.379,42500,,
46.469214,-80.978587,271.86,19.528,42600,,
46.469194,-80.978627,271.86,19.348,42700,,
46.469172,-80.978667,271.89,19.24,42800,,
46.469152,-80.978707,271.93,19.307,42900,,
46.469132,-80.978749,271.92,19.395,43000,,
46.46911,-80.978789,272.02,19.328,43100,,
46.469088,-80.978828,272.13,19.261,43200,,
46.469067,-80.978868,272.25,19.076,43300,,
46.469046,-80.978908,272.38,19.251,43400,,
46.469025,-80.978949,272.48,19.209,43500,,
46.469001,-80.978987,272.69,19.287,43600,,
46.468979,-80.979026,272.92,19.395,43700,,
46.468957,-80.979065,273.14,19.297,43800,,
46.468936,-80.979105,273.33,19.384,43900,,
46.468916,-80.979147,273.4,19.189,44000,,
46.468894,-80.979186,273.55,19.019,44100,,
46.468872,-80.979225,273.67,19.112,44200,,
46.46885,-80.979264,273.79,18.896,44300,,
46.468829,-80.979303,273.88,19.024,44400,,
46.468809,-80.979344,273.93,19.148,44500,,
46.468798,-80.979364,273.97,19.554,44600,,
46.468765,-80.979422,274.08,19.101,44700,,
46.468743,-80.97946,274.14,18.88,44800,,
46.468722,-80.979499,274.19,18.932,44900,,
46.468703,-80.979542,274.29,19.256,45000,,
46.468681,-80.97958,274.32,18.834,45100,,
46.468659,-80.979619,274.36,18.926,45200,,
46.468637,-80.979657,274.4,19.127,45300,,
46.468615,-80.979695,274.43,18.962,45400,,
46.468596,-80.979736,274.51,18.988,45500,,
46.468574,-80.979774,274.54,18.916,45600,,
46.468551,-80.979811,274.56,19.081,45700,,
46.468529,-80.979848,274.59,18.916,45800,,
46.468507,-80.979886,274.61,18.962,45900,,
46.468488,-80.979925,274.62,19.101,46000,,
46.468465,-80.979962,274.64,18.896,46100,,
46.468443,-80.979998,274.67,18.654,46200,,
46.468421,-80.980035,274.7,18.736,46300,,
46.468399,-80.980071,274.72,18.551,46400,,
46.46838,-80.98011,274.69,18.69,46500,,
46.468358,-80.980146,274.71,18.52,46600,,
46.468336,-80.980182,274.72,18.294,46700,,
46.468314,-80.980219,274.74,18.216,46800,,
46.468294,-80.980256,274.77,18.397,46900,,
46.468275,-80.980297,274.73,18.361,47000,,
46.468255,-80.980335,274.75,18.695,47100,,
46.468234,-80.980373,274.76,18.638,47200,,
46.468214,-80.980411,274.76,18.201,47300,,
46.468195,-80.98045,274.78,18.144,47400,,
46.468178,-80.98049,274.92,18.278,47500,,
46.468159,-80.980529,274.94,18.386,47600,,
46.46814,-80.980568,274.96,18.232,47700,,
46.468123,-80.980608,274.99,18.196,47800,,
46.468106,-80.980649,275.03,18.144,47900,,
46.468091,-80.98069,274.99,18.314,48000,,
46.468074,-80.980732,275.01,17.928,48100,,
46.468058,-80.980773,275.02,18.366,48200,,
46.468042,-80.980815,275.04,18.17,48300,,
46.468028,-80.980857,275.08,18.242,48400,,
46.468015,-80.980902,275.06,18.345,48500,,
46.468002,-80.980946,275.09,18.34,48600,,
46.467988,-80.980988,275.11,18.407,48700,,
46.467974,-80.981032,275.13,18.813,48800,,
46.467962,-80.981077,275.16,18.484,48900,,
46.467955,-80.981122,275.11,18.427,49000,,
46.467943,-80.981167,275.14,18.438,49100,,
46.467937,-80.981189,275.15,18.571,49200,,
46.467921,-80.981257,275.18,18.216,49300,,
46.467911,-80.981303,275.22,18.335,49400,,
46.467904,-80.981349,275.07,18.407,49500,,
46.467894,-80.981395,275.11,18.263,49600,,
46.467885,-80.981441,275.15,18.345,49700,,
46.467877,-80.981488,275.2,18.453,49800,,
46.46787,-80.981535,275.24,18.458,49900,,
46.467866,-80.981584,274.99,18.505,50000,,
46.46786,-80.981632,275.03,18.309,50100,,
46.467855,-80.981679,275.06,18.757,50200,,
46.467849,-80.981727,275.09,18.577,50300,,
46.467845,-80.981775,275.13,18.505,50400,,
46.467847,-80.981826,275.08,18.566,50500,,
46.467843,-80.981874,275.1,18.551,50600,,
46.46784,-80.981922,275.12,18.474,50700,,
46.467838,-80.98197,275.13,18.623,50800,,
46.467837,-80.982018,275.14,18.561,50900,,
46.467839,-80.982067,275.23,18.484,51000,,
46.467839,-80.982115,275.23,18.469,51100,,
46.467839,-80.982163,275.23,18.659,51200,,
46.46784,-80.982211,275.23,18.391,51300,,
46.467842,-80.982258,275.22,18.288,51400,,
46.467853,-80.982303,275.28,18.35,51500,,
46.467856,-80.982351,275.25,18.988,51600,,
46.467859,-80.9824,275.2,18.71,51700,,
46.467863,-80.982448,275.15,18.474,51800,,
46.467868,-80.982497,275.1,18.643,51900,,
46.467876,-80.982543,274.96,18.71,52000,,
46.467881,-80.982591,274.92,18.824,52100,,
46.467887,-80.98264,274.88,18.762,52200,,
46.467893,-80.982688,274.83,18.777,52300,,
46.4679,-80.982736,274.79,18.818,52400,,
46.467911,-80.982783,274.68,18.736,52500,,
46.467919,-80.98283,274.61,18.674,52600,,
46.467927,-80.982877,274.52,18.643,52700,,
46.467936,-80.982924,274.42,18.746,52800,,
46.467946,-80.98297,274.32,18.932,52900,,
46.467959,-80.983018,274.18,18.921,53000,,
46.46797,-80.983065,274.05,19.086,53100,,
46.467982,-80.983111,273.91,18.947,53200,,
46.467995,-80.983157,273.76,19.081,53300,,
46.468008,-80.983204,273.61,19.106,53400,,
46.468025,-80.983249,273.45,19.153,53500,,
46.468039,-80.983294,273.31,19.245,53600,,
46.468054,-80.983339,273.17,19.034,53700,,
46.468069,-80.983384,273.03,19.281,53800,,
46.468086,-80.983428,272.9,19.523,53900,,
46.468106,-80.98347,272.82,19.343,54000,,
46.468123,-80.983514,272.7,19.235,54100,,
46.46814,-80.983557,272.58,19.178,54200,,
46.468159,-80.983599,272.45,19.338,54300,,
46.468178,-80.983642,272.33,19.744,54400,,
46.468203,-80.983682,272.05,19.317,54500,,
46.468223,-80.983724,271.91,19.914,54600,,
46.468243,-80.983765,271.77,19.544,54700,,
46.468264,-80.983805,271.63,19.827,54800,,
46.468286,-80.983845,271.49,19.924,54900,,
46.468324,-80.983901,270.98,19.611,55000,,
46.468335,-80.98392,270.93,19.348,55100,,
46.468357,-80.98396,270.84,19.549,55200,,
46.46838,-80.983999,270.75,19.544,55300,,
46.468403,-80.984039,270.68,19.837,55400,,
46.46843,-80.984075,270.34,19.739,55500,,
46.468453,-80.984115,270.28,19.786,55600,,
46.468475,-80.984154,270.24,19.549,55700,,
46.468498,-80.984193,270.19,19.816,55800,,
46.46852,-80.984233,270.17,19.93,55900,,
46.468547,-80.984269,269.86,19.816,56000,,
46.46857,-80.984309,269.84,19.647,56100,,
46.468592,-80.984348,269.84,19.605,56200,,
46.468614,-80.984388,269.83,19.816,56300,,
46.468637,-80.984428,269.83,19.657,56400,,
46.468662,-80.984465,269.65,19.492,56500,,
46.468684,-80.984504,269.69,19.405,56600,,
46.468706,-80.984544,269.74,19.487,56700,,
46.468728,-80.984583,269.79,19.492,56800,,
46.46875,-80.984623,269.85,19.657,56900,,
46.468775,-80.984662,269.63,19.765,57000,,
46.468796,-80.984703,269.69,19.58,57100,,
46.468816,-80.984743,269.76,19.42,57200,,
46.468837,-80.984784,269.8,19.575,57300,,
46.468856,-80.984826,269.84,19.564,57400,,
46.468879,-80.984869,269.67,19.492,57500,,
46.468897,-80.984911,269.71,19.533,57600,,
46.468915,-80.984954,269.75,19.333,57700,,
46.468933,-80.984997,269.78,19.292,57800,,
46.46895,-80.98504,269.82,19.214,57900,,
46.468971,-80.985082,269.52,19.06,58000,,
46.468987,-80.985126,269.54,18.983,58100,,
46.469002,-80.985169,269.57,19.024,58200,,
46.469018,-80.985214,269.59,19.137,58300,,
46.469032,-80.985259,269.62,18.849,58400,,
46.469046,-80.985306,269.43,18.736,58500,,
46.46906,-80.985351,269.45,18.715,58600,,
46.469073,-80.985397,269.46,18.551,58700,,
46.469085,-80.985442,269.47,18.911,58800,,
46.469097,-80.985488,269.47,18.978,58900,,
46.469108,-80.985536,269.16,18.695,59000,,
46.469119,-80.985582,269.18,18.669,59100,,
46.469129,-80.985628,269.18,18.53,59200,,
46.469138,-80.985675,269.18,18.494,59300,,
46.469148,-80.985721,269.18,18.489,59400,,
46.469156,-80.985769,268.8,18.505,59500,,
46.469164,-80.985816,268.79,18.566,59600,,
46.469172,-80.985863,268.77,18.469,59700,,
46.469179,-80.985911,268.76,18.402,59800,,
46.469185,-80.985958,268.74,18.577,59900,,
46.469191,-80.986005,268.25,18.371,60000,,
46.469195,-80.986053,268.22,18.535,60100,,
46.4692,-80.986101,268.2,18.767,60200,,
46.469203,-80.986149,268.17,18.469,60300,,
46.469207,-80.986197,268.14,18.638,60400,,
46.469212,-80.98625,268,18.613,60500,,
46.469213,-80.986298,267.97,18.417,60600,,
46.469214,-80.986347,267.94,18.664,60700,,
46.469215,-80.986396,267.9,18.391,60800,,
46.469216,-80.986444,267.85,18.566,60900,,
46.469216,-80.986493,267.81,18.139,61000,,
46.469216,-80.986541,267.76,18.89,61100,,
46.469215,-80.986589,267.71,18.911,61200,,
46.469214,-80.986638,267.66,18.947,61300,,
46.469212,-80.986686,267.6,18.685,61400,,
46.469212,-80.98671,267.57,18.587,61500,,
46.46921,-80.986783,267.61,18.685,61600,,
46.469209,-80.986807,267.58,18.86,61700,,
46.469206,-80.986856,267.52,18.834,61800,,
46.4692,-80.986954,267.39,19.07,61900,,
46.469197,-80.987002,267.43,19.112,62000,,
46.469193,-80.987052,267.32,18.973,62100,,
46.469188,-80.987101,267.22,19.034,62200,,
46.469179,-80.9872,267.05,19.209,62300,,
46.469174,-80.987248,267.02,19.564,62400,,
46.469169,-80.987298,266.95,19.379,62500,,
46.469167,-80.987323,266.92,19.348,62600,,
46.469155,-80.987448,266.74,19.431,62700,,
46.469147,-80.987522,266.61,19.446,62800,,
46.469144,-80.987547,266.57,19.698,62900,,
46.469139,-80.987597,266.49,19.791,63000,,
46.469128,-80.987698,266.32,19.647,63100,,
46.469124,-80.987748,266.11,19.652,63200,,
46.469118,-80.987798,266.01,19.791,63300,,
46.469113,-80.987849,265.92,19.719,63400,,
46.469102,-80.987951,265.73,19.832,63500,,
46.469098,-80.988004,265.56,19.631,63600,,
46.469092,-80.988055,265.46,19.878,63700,,
46.469087,-80.988106,265.36,20.074,63800,,
46.469078,-80.988209,265.18,20.099,63900,,
46.469072,-80.988261,264.95,20.125,64000,,
46.469067,-80.988313,264.87,20.197,64100,,
46.469062,-80.988365,264.8,20.135,64200,,
46.469053,-80.988467,264.68,19.909,64300,,
46.469048,-80.98852,264.47,19.945,64400,,
46.469043,-80.988572,264.4,20.182,64500,,
46.469039,-80.988624,264.34,20.228,64600,,
46.469033,-80.988729,264.21,19.94,64700,,
46.46903,-80.98878,264.1,20.166,64800,,
46.469027,-80.988833,264.04,20.166,64900,,
46.469025,-80.988885,263.98,20.274,65000,,
46.469021,-80.98899,263.87,20.264,65100,,
46.469021,-80.989045,263.96,20.038,65200,,
46.469021,-80.989097,263.92,20.197,65300,,
46.469021,-80.989151,263.86,20.341,65400,,
46.469023,-80.989257,263.76,20.562,65500,,
46.469025,-80.98931,263.81,20.609,65600,,
46.469026,-80.989363,263.73,20.82,65700,,
46.469027,-80.989416,263.65,20.856,65800,,
46.469032,-80.989524,263.5,20.67,65900,,
46.469035,-80.989576,263.5,20.717,66000,,
46.469038,-80.98963,263.43,20.516,66100,,
46.46904,-80.989684,263.36,20.804,66200,,
46.469046,-80.989793,263.21,21.005,66300,,
46.46905,-80.989848,263.06,21.082,66400,,
46.469053,-80.989903,262.99,21.18,66500,,
46.469055,-80.989958,262.9,21.139,66600,,
46.469061,-80.990068,262.74,21.288,66700,,
46.469065,-80.990122,262.52,21.221,66800,,
46.469067,-80.990177,262.43,21.2,66900,,
46.46907,-80.990232,262.35,21.313,67000,,
46.469074,-80.990343,262.25,21.478,67100,,
46.469077,-80.990396,262.08,21.37,67200,,
46.469079,-80.990452,262.03,21.432,67300,,
46.46908,-80.990506,261.98,20.593,67400,,
46.469082,-80.990616,261.88,20.928,67500,,
46.469084,-80.990671,261.76,21.195,67600,,
46.469085,-80.990726,261.72,21.56,67700,,
46.469086,-80.990782,261.67,21.571,67800,,
46.469087,-80.990895,261.59,21.524,67900,,
46.469088,-80.990951,261.45,21.56,68000,,
46.469088,-80.991007,261.41,21.607,68100,,
46.469089,-80.991063,261.36,21.632,68200,,
46.469089,-80.991176,261.25,21.576,68300,,
46.469091,-80.991236,261.13,21.519,68400,,
46.469091,-80.991292,261.08,21.463,68500,,
46.46909,-80.991348,261.03,21.586,68600,,
46.469089,-80.99146,260.92,21.591,68700,,
46.469091,-80.991518,260.77,21.638,68800,,
46.46909,-80.991575,260.74,21.607,68900,,
46.469089,-80.991631,260.71,21.627,69000,,
46.469087,-80.991743,260.66,21.463,69100,,
46.469087,-80.991801,260.64,21.545,69200,,
46.469086,-80.991858,260.62,21.596,69300,,
46.469085,-80.991914,260.6,21.617,69400,,
46.469083,-80.992026,260.56,21.514,69500,,
46.469083,-80.992085,260.69,21.771,69600,,
46.469082,-80.992141,260.68,21.715,69700,,
46.46908,-80.992198,260.67,21.483,69800,,
46.469079,-80.99231,260.65,21.73,69900,,
46.469078,-80.992366,260.63,21.833,70000,,
46.469077,-80.992422,260.63,21.396,70100,,
46.469076,-80.992477,260.63,21.241,70200,,
46.469072,-80.992586,260.67,21.241,70300,,
46.469072,-80.992643,260.67,21.211,70400,,
46.469071,-80.992699,260.7,21.519,70500,,
46.469069,-80.992754,260.74,20.382,70600,,
46.469068,-80.992864,260.87,21.164,70700,,
46.46907,-80.992921,261.02,21.2,70800,,
46.46907,-80.992976,261.09,21.401,70900,,
46.469069,-80.993032,261.16,21.56,71000,,
46.46907,-80.993143,261.27,21.267,71100,,
46.469071,-80.9932,261.34,21.231,71200,,
46.469071,-80.993255,261.37,21.216,71300,,
46.469072,-80.993311,261.4,21.252,71400,,
46.469074,-80.99342,261.46,21.175,71500,,
46.469076,-80.993482,261.54,21.072,71600,,
46.469077,-80.993537,261.58,21.319,71700,,
46.469078,-80.993593,261.62,21.144,71800,,
46.469083,-80.993702,261.69,21.195,71900,,
46.469087,-80.993759,261.55,21.036,72000,,
46.469091,-80.993814,261.56,20.958,72100,,
46.469093,-80.993841,261.57,20.958,72200,,
46.469097,-80.993895,261.58,21.02,72300,,
46.469102,-80.993949,261.59,20.897,72400,,
46.469111,-80.994004,261.56,20.938,72500,,
46.469114,-80.994031,261.57,21,72600,,
46.46912,-80.994085,261.58,20.928,72700,,
46.469126,-80.994139,261.59,21.066,72800,,
46.46914,-80.994246,261.62,21.072,72900,,
46.46915,-80.994299,261.52,21.03,73000,,
46.469157,-80.994353,261.52,20.861,73100,,
46.469166,-80.994406,261.53,20.676,73200,,
46.469183,-80.994512,261.53,20.84,73300,,
46.469194,-80.994564,261.52,20.897,73400,,
46.469203,-80.994617,261.56,20.897,73500,,
46.469213,-80.994669,261.62,21.036,73600,,
46.469234,-80.994773,261.71,20.789,73700,,
46.469246,-80.994823,261.55,21.092,73800,,
46.469257,-80.994875,261.61,20.964,73900,,
46.469269,-80.994927,261.68,20.83,74000,,
46.469292,-80.99503,261.81,21.015,74100,,
46.469304,-80.995082,261.7,20.979,74200,,
46.469317,-80.995133,261.73,20.856,74300,,
46.46933,-80.995184,261.75,20.722,74400,,
46.469356,-80.995285,261.76,20.861,74500,,
46.469372,-80.995335,261.49,20.814,74600,,
46.469386,-80.995385,261.49,20.619,74700,,
46.4694,-80.995435,261.47,20.254,74800,,
46.469428,-80.995533,261.4,20.357,74900,,
46.469443,-80.995582,261.17,20.423,75000,,
46.469458,-80.995631,261.13,20.243,75100,,
46.469472,-80.99568,261.1,20.336,75200,,
46.469501,-80.995776,261.05,19.899,75300,,
46.469518,-80.995824,261.07,19.945,75400,,
46.469532,-80.995872,261.04,19.863,75500,,
46.469547,-80.995919,261.02,19.78,75600,,
46.469575,-80.996013,260.97,19.42,75700,,
46.469591,-80.99606,260.85,19.132,75800,,
46.469604,-80.996105,260.83,18.69,75900,,
46.469618,-80.996149,260.8,18.438,76000,,
46.469644,-80.996235,260.76,17.769,76100,,
46.469657,-80.996279,260.58,17.301,76200,,
46.469669,-80.99632,260.57,17.105,76300,,
46.469682,-80.99636,260.55,16.92,76400,,
46.469706,-80.99644,260.53,16.519,76500,,
46.46972,-80.996482,260.62,16.164,76600,,
46.469732,-80.99652,260.61,16.195,76700,,
46.469744,-80.996558,260.57,16.03,76800,,
46.469766,-80.996633,260.47,15.392,76900,,
46.469778,-80.99667,260.39,15.33,77000,,
46.469789,-80.996706,260.34,15.068,77100,,
46.4698,-80.996742,260.29,14.955,77200,,
46.46982,-80.996812,260.21,14.446,77300,,
46.46983,-80.996847,260.09,14.096,77400,,
46.46984,-80.99688,260.03,13.777,77500,,
46.46985,-80.996912,259.97,13.53,77600,,
46.469855,-80.996929,259.94,13.386,77700,,
46.46992,-80.997132,259.41,11.343,77800,,
46.469936,-80.997185,259.25,10.556,77900,,
46.469943,-80.997209,259.17,10.114,78000,,
46.469951,-80.997234,259.1,9.774,78100,,
46.469958,-80.997255,258.94,9.188,78200,,
46.469964,-80.997277,258.89,8.771,78300,,
46.46997,-80.997297,258.85,8.329,78400,,
46.469976,-80.997316,258.8,7.768,78500,,
46.469982,-80.997334,258.75,7.13,78600,,
46.469987,-80.997349,258.7,6.739,78700,,
46.469992,-80.997365,258.64,6.713,78800,,
46.469997,-80.997381,258.59,6.261,78900,,
46.470001,-80.997396,258.54,6.019,79000,,
46.470005,-80.99741,258.49,5.793,79100,,
46.47001,-80.997422,258.42,5.422,79200,,
46.470014,-80.997436,258.37,5.469,79300,,
46.470018,-80.997449,258.32,5.602,79400,,
46.470022,-80.997462,258.27,5.433,79500,,
46.470026,-80.997475,258.22,5.232,79600,,
46.47003,-80.997487,258.08,5.222,79700,,
46.470034,-80.9975,258.03,5.124,79800,,
46.470038,-80.997513,257.98,5.237,79900,,
46.470041,-80.997525,257.94,5.206,80000,,
46.470045,-80.997537,257.9,5.114,80100,,
46.470049,-80.997546,257.68,5.422,80200,,
46.470054,-80.997558,257.65,5.319,80300,,
46.470058,-80.997569,257.61,5.252,80400,,
46.470063,-80.997581,257.57,5.237,80500,,
46.470068,-80.997591,257.53,5.283,80600,,
46.470076,-80.997601,257.35,5.602,80700,,
46.470082,-80.997612,257.31,5.695,80800,,
46.470089,-80.997622,257.27,5.803,80900,,
46.470097,-80.997632,257.24,5.654,81000,,
46.470105,-80.997642,257.21,6.148,81100,,
46.470115,-80.997648,257.07,6.07,81200,,
46.470124,-80.997658,257.04,6.209,81300,,
46.470135,-80.997666,257.01,6.595,81400,,
46.470146,-80.997673,256.99,6.791,81500,,
46.470157,-80.997681,256.96,6.878,81600,,
46.470171,-80.997681,256.41,7.125,81700,,
46.470183,-80.997687,256.39,6.858,81800,,
46.470196,-80.997691,256.4,7.341,81900,,
46.470208,-80.997695,256.41,8.216,82000,,
46.470222,-80.997698,256.43,7.238,82100,,
46.470236,-80.997695,256.45,7.979,82200,,
46.47025,-80.997696,256.47,7.917,82300,,
46.470264,-80.997695,256.49,8,82400,,
46.470279,-80.997693,256.51,8.092,82500,,
46.470295,-80.99769,256.52,9.08,82600,,
46.470313,-80.997682,256.43,9.018,82700,,
46.470329,-80.997677,256.43,9.327,82800,,
46.470346,-80.997672,256.43,9.754,82900,,
46.470364,-80.997665,256.42,10.361,83000,,
46.470382,-80.997659,256.41,10.726,83100,,
46.470401,-80.997647,256.3,11.05,83200,,
46.47042,-80.99764,256.27,10.865,83300,,
46.470439,-80.997632,256.25,11.678,83400,,
46.47046,-80.997625,256.22,12.002,83500,,
46.470481,-80.997617,256.19,12.208,83600,,
46.470503,-80.997606,256.05,12.599,83700,,
46.470525,-80.997598,256.01,12.897,83800,,
46.470548,-80.99759,255.97,13.237,83900,,
46.470571,-80.997582,255.93,13.448,84000,,
46.470596,-80.997574,255.89,13.695,84100,,
46.47062,-80.997559,255.65,13.936,84200,,
46.470645,-80.997551,255.62,14.003,84300,,
46.470669,-80.997542,255.58,14.158,84400,,
46.470695,-80.997534,255.53,14.245,84500,,
46.47072,-80.997525,255.48,14.523,84600,,
46.470745,-80.997514,255.41,14.718,84700,,
46.470771,-80.997506,255.37,14.785,84800,,
46.470797,-80.997496,255.33,14.78,84900,,
46.470824,-80.997487,255.3,14.955,85000,,
46.47085,-80.997478,255.28,15.084,85100,,
46.470878,-80.997466,255.13,15.073,85200,,
46.470905,-80.997457,255.13,15.094,85300,,
46.470931,-80.997447,255.14,15.217,85400,,
46.470958,-80.997438,255.15,15.341,85500,,
46.470985,-80.997428,255.17,15.567,85600,,
46.471015,-80.997418,254.96,15.68,85700,,
46.471041,-80.997408,254.99,15.655,85800,,
46.471069,-80.997398,255.02,15.634,85900,,
46.471096,-80.997388,255.05,15.66,86000,,
46.471123,-80.997378,255.08,15.711,86100,,
46.471152,-80.997369,255.04,15.763,86200,,
46.47118,-80.997359,255.06,15.855,86300,,
46.471207,-80.997349,255.09,15.865,86400,,
46.471235,-80.997339,255.11,15.829,86500,,
46.471263,-80.997329,255.14,16.107,86600,,
46.47129,-80.997318,255.11,15.948,86700,,
46.471318,-80.997307,255.14,16.02,86800,,
46.471346,-80.997297,255.17,16.087,86900,,
46.471374,-80.997286,255.2,16.174,87000,,
46.471402,-80.997275,255.23,16.287,87100,,
46.47143,-80.997264,255.33,16.323,87200,,
46.471458,-80.997253,255.36,16.292,87300,,
46.471487,-80.997242,255.38,16.277,87400,,
46.471515,-80.997231,255.41,16.627,87500,,
46.471544,-80.997219,255.43,16.596,87600,,
46.471573,-80.997208,255.54,16.575,87700,,
46.471602,-80.997197,255.56,16.555,87800,,
46.47163,-80.997185,255.58,16.591,87900,,
46.471659,-80.997173,255.61,16.627,88000,,
46.471687,-80.99716,255.63,16.663,88100,,
46.471716,-80.997146,255.59,16.833,88200,,
46.471745,-80.997133,255.62,16.766,88300,,
46.471773,-80.997118,255.64,16.699,88400,,
46.471802,-80.997104,255.67,16.719,88500,,
46.47183,-80.997089,255.7,16.817,88600,,
46.47186,-80.99707,255.96,16.73,88700,,
46.471888,-80.997053,256,16.74,88800,,
46.471915,-80.997036,256.05,16.725,88900,,
46.471943,-80.997018,256.08,17.028,89000,,
46.471971,-80.997,256.12,17.09,89100,,
46.472,-80.996979,256.21,16.73,89200,,
46.472028,-80.996961,256.26,16.817,89300,,
46.472056,-80.996941,256.32,17.08,89400,,
46.472083,-80.996921,256.36,17.121,89500,,
46.47211,-80.996901,256.42,17.182,89600,,
46.472138,-80.996878,256.23,17.275,89700,,
46.472166,-80.996856,256.28,17.27,89800,,
46.472192,-80.996834,256.33,17.342,89900,,
46.47222,-80.996812,256.38,17.517,90000,,
46.472246,-80.996789,256.44,17.661,90100,,
46.472274,-80.996763,256.44,17.723,90200,,
46.472301,-80.996739,256.48,17.836,90300,,
46.472329,-80.996714,256.52,18.026,90400,,
46.472356,-80.99669,256.56,18.222,90500,,
46.472439,-80.996611,256.66,18.299,90600,,
46.472467,-80.996584,256.71,18.361,90700,,
46.472494,-80.996557,256.79,18.499,90800,,
46.472521,-80.996529,256.87,18.618,90900,,
46.472549,-80.9965,257.02,18.86,91000,,
46.472577,-80.996471,257.1,18.988,91100,,
46.472604,-80.996441,257.17,19.287,91200,,
46.472632,-80.99641,257.24,19.101,91300,,
46.472659,-80.996379,257.31,19.333,91400,,
46.472682,-80.996347,257.51,19.497,91500,,
46.47271,-80.996314,257.57,19.796,91600,,
46.472737,-80.996281,257.64,20.027,91700,,
46.472763,-80.996247,257.72,20.084,91800,,
46.472791,-80.996212,257.8,20.156,91900,,
46.472812,-80.996178,257.73,20.233,92000,,
46.472839,-80.996143,257.81,20.264,92100,,
46.472866,-80.996107,257.89,20.434,92200,,
46.472893,-80.996071,257.97,20.603,92300,,
46.47292,-80.996034,258.05,20.583,92400,,
46.472943,-80.995997,258.02,20.83,92500,,
46.47297,-80.99596,258.11,20.85,92600,,
46.472997,-80.995923,258.2,20.814,92700,,
46.473025,-80.995886,258.29,20.964,92800,,
46.473052,-80.995848,258.38,21.123,92900,,
46.473073,-80.99581,258.41,21.087,93000,,
46.473101,-80.995773,258.51,21.066,93100,,
46.473128,-80.995735,258.61,20.979,93200,,
46.473156,-80.995697,258.71,21.293,93300,,
46.473183,-80.995659,258.81,21.339,93400,,
46.473205,-80.99562,258.84,21.205,93500,,
46.473233,-80.995582,258.94,21.123,93600,,
46.47326,-80.995544,259.05,21.077,93700,,
46.473287,-80.995507,259.16,21.092,93800,,
46.473315,-80.995469,259.28,21.025,93900,,
46.473337,-80.995431,259.27,21.066,94000,,
46.473364,-80.995393,259.4,20.994,94100,,
46.473391,-80.995356,259.55,20.475,94200,,
46.473418,-80.995319,259.7,20.691,94300,,
46.473445,-80.995282,259.85,20.655,94400,,
46.473468,-80.995244,260,20.681,94500,,
46.473495,-80.995206,260.15,20.526,94600,,
46.473521,-80.995169,260.3,20.526,94700,,
46.473547,-80.995132,260.47,20.47,94800,,
46.473573,-80.995095,260.63,20.274,94900,,
46.473596,-80.995059,260.68,20.387,95000,,
46.473622,-80.995022,260.86,20.279,95100,,
46.473649,-80.994985,261.04,20.233,95200,,
46.473675,-80.99495,261.22,20.213,95300,,
46.473701,-80.994913,261.42,20.11,95400,,
46.473724,-80.994878,261.5,19.986,95500,,
46.473751,-80.994842,261.71,20.043,95600,,
46.473777,-80.994807,261.91,19.971,95700,,
46.473804,-80.994772,262.12,20.13,95800,,
46.473831,-80.994738,262.33,20.104,95900,,
46.473853,-80.994706,262.34,20.094,96000,,
46.473881,-80.994672,262.55,20.135,96100,,
46.473908,-80.994639,262.76,20.058,96200,,
46.473937,-80.994607,262.98,20.12,96300,,
46.473966,-80.994576,263.2,20.084,96400,,
46.473992,-80.994547,263.18,19.971,96500,,
46.474021,-80.994518,263.4,19.919,96600,,
46.474051,-80.994489,263.62,19.847,96700,,
46.47408,-80.994461,263.84,19.76,96800,,
46.474111,-80.994433,264.07,19.744,96900,,
46.474143,-80.994407,264.14,19.791,97000,,
46.474174,-80.994381,264.36,19.683,97100,,
46.474204,-80.994356,264.59,19.672,97200,,
46.474235,-80.994331,264.81,19.595,97300,,
46.474266,-80.994307,265.03,19.533,97400,,
46.474302,-80.994287,265.02,19.508,97500,,
46.474333,-80.994264,265.25,19.42,97600,,
46.474365,-80.994243,265.47,19.287,97700,,
46.474396,-80.994222,265.69,19.297,97800,,
46.474428,-80.994202,265.9,19.23,97900,,
46.474462,-80.994184,265.89,19.153,98000,,
46.474494,-80.994165,266.11,19.153,98100,,
46.474526,-80.994147,266.32,19.091,98200,,
46.474558,-80.99413,266.54,18.921,98300,,
46.47459,-80.994113,266.75,18.88,98400,,
46.474626,-80.994098,266.71,18.844,98500,,
46.474657,-80.994083,266.92,18.751,98600,,
46.47469,-80.994069,267.11,18.86,98700,,
46.474723,-80.994055,267.28,18.762,98800,,
46.474755,-80.994043,267.45,18.777,98900,,
46.474788,-80.994031,267.34,18.664,99000,,
46.47482,-80.99402,267.49,18.7,99100,,
46.474853,-80.99401,267.64,18.685,99200,,
46.474886,-80.994,267.78,18.669,99300,,
46.474919,-80.993991,267.91,18.679,99400,,
46.474951,-80.993981,267.86,18.638,99500,,
46.474984,-80.993974,267.99,18.679,99600,,
46.475017,-80.993967,268.12,18.561,99700,,
46.47505,-80.993961,268.24,18.541,99800,,
46.475083,-80.993956,268.35,18.448,99900,,
46.475115,-80.993952,268.27,18.361,100000,,
46.475148,-80.993949,268.38,18.232,100100,,
46.475181,-80.993945,268.48,18.15,100200,,
46.475214,-80.993942,268.59,18.443,100300,,
46.475247,-80.993939,268.7,18.546,100400,,
46.475282,-80.993938,268.75,18.386,100500,,
46.475315,-80.993936,268.85,18.417,100600,,
46.475348,-80.993934,268.96,18.335,100700,,
46.47538,-80.993933,269.06,18.438,100800,,
46.475414,-80.993932,269.16,18.51,100900,,
46.475448,-80.993931,269.13,18.546,101000,,
46.475481,-80.99393,269.22,18.093,101100,,
46.475513,-80.993929,269.32,18.088,101200,,
46.475546,-80.993928,269.41,18.242,101300,,
46.475579,-80.993927,269.5,18.278,101400,,
46.475613,-80.993931,269.41,18.33,101500,,
46.475646,-80.993929,269.5,18.361,101600,,
46.475679,-80.993928,269.59,18.469,101700,,
46.475712,-80.993927,269.67,18.582,101800,,
46.475746,-80.993926,269.76,18.726,101900,,
46.475781,-80.993928,269.82,18.679,102000,,
46.475814,-80.993927,269.91,18.587,102100,,
46.475847,-80.993926,270,18.643,102200,,
46.475881,-80.993925,270.09,18.731,102300,,
46.475914,-80.993923,270.17,18.685,102400,,
46.47595,-80.993924,270.25,18.535,102500,,
46.475983,-80.993923,270.34,18.474,102600,,
46.476016,-80.993922,270.43,18.566,102700,,
46.476049,-80.993921,270.52,18.571,102800,,
46.476083,-80.993919,270.61,18.499,102900,,
46.476118,-80.993922,270.69,18.525,103000,,
46.476151,-80.99392,270.79,18.361,103100,,
46.476184,-80.993918,270.89,18.309,103200,,
46.476216,-80.993917,270.99,18.361,103300,,
46.476249,-80.993915,271.08,18.278,103400,,
46.476283,-80.993915,271.2,18.34,103500,,
46.476316,-80.993912,271.3,18.258,103600,,
46.476349,-80.99391,271.41,18.119,103700,,
46.476381,-80.993906,271.51,18.124,103800,,
46.476414,-80.993902,271.61,17.862,103900,,
46.476445,-80.993898,271.63,17.779,104000,,
46.476477,-80.993892,271.77,17.825,104100,,
46.476509,-80.993885,271.91,17.939,104200,,
46.476541,-80.993877,272.06,18.031,104300,,
46.476573,-80.993869,272.21,18.119,104400,,
46.476605,-80.993859,272.27,18.139,104500,,
46.476638,-80.993849,272.41,18.268,104600,,
46.47667,-80.993839,272.55,18.134,104700,,
46.476702,-80.993829,272.69,18.098,104800,,
46.476734,-80.993817,272.83,18.237,104900,,
46.476765,-80.993805,272.77,18.546,105000,,
46.476797,-80.993792,272.91,18.607,105100,,
46.476829,-80.993778,273.04,18.402,105200,,
46.47686,-80.993764,273.18,18.273,105300,,
46.476891,-80.993749,273.31,18.304,105400,,
46.476923,-80.993732,273.44,18.309,105500,,
46.476954,-80.993716,273.57,18.222,105600,,
46.476985,-80.9937,273.69,18.227,105700,,
46.477015,-80.993682,273.8,18.119,105800,,
46.477045,-80.993664,273.91,18.186,105900,,
46.477078,-80.993644,273.96,18.196,106000,,
46.477108,-80.993624,274.09,18.201,106100,,
46.477137,-80.993604,274.22,18.263,106200,,
46.477167,-80.993583,274.36,18.361,106300,,
46.477196,-80.993562,274.5,18.391,106400,,
46.477231,-80.993542,274.79,18.561,106500,,
46.47726,-80.993519,274.94,18.772,106600,,
46.477289,-80.993496,275.08,18.577,106700,,
46.477319,-80.993473,275.23,18.788,106800,,
46.477347,-80.993448,275.37,18.731,106900,,
46.47738,-80.993425,275.82,18.772,107000,,
46.477409,-80.993398,275.96,18.772,107100,,
46.477437,-80.993372,276.08,18.649,107200,,
46.477465,-80.993345,276.19,18.602,107300,,
46.477492,-80.993317,276.3,18.638,107400,,
46.47752,-80.993291,276.55,18.71,107500,,
46.477547,-80.993262,276.67,18.69,107600,,
46.477575,-80.993233,276.78,19.214,107700,,
46.477602,-80.993202,276.89,19.142,107800,,
46.477629,-80.993172,277,18.849,107900,,
46.477656,-80.993144,277.15,18.751,108000,,
46.477683,-80.993113,277.23,19.076,108100,,
46.47771,-80.993082,277.3,19.153,108200,,
46.477737,-80.99305,277.37,19.112,108300,,
46.477764,-80.993019,277.43,19.142,108400,,
46.47779,-80.992989,277.62,19.168,108500,,
46.477817,-80.992957,277.68,19.235,108600,,
46.477844,-80.992925,277.72,19.122,108700,,
46.477871,-80.992894,277.76,19.41,108800,,
46.477898,-80.992862,277.8,19.395,108900,,
46.477925,-80.992829,277.88,19.6,109000,,
46.477952,-80.992796,277.87,19.662,109100,,
46.477979,-80.992764,277.85,19.76,109200,,
46.478007,-80.99273,277.81,19.714,109300,,
46.478034,-80.992698,277.76,19.75,109400,,
46.478061,-80.992668,277.65,19.96,109500,,
46.478088,-80.992634,277.58,19.95,109600,,
46.478116,-80.992601,277.52,19.894,109700,,
46.478143,-80.992568,277.45,20.032,109800,,
46.478171,-80.992534,277.39,19.811,109900,,
46.478198,-80.992506,277.49,19.755,110000,,
46.478225,-80.992473,277.41,19.976,110100,,
46.478253,-80.992439,277.33,19.888,110200,,
46.47828,-80.992406,277.23,19.96,110300,,
46.478308,-80.992373,277.15,20.218,110400,,
46.478336,-80.992342,277.15,20.058,110500,,
46.478363,-80.992308,277.06,20.017,110600,,
46.478391,-80.992275,276.98,19.96,110700,,
46.478419,-80.992242,276.9,20.099,110800,,
46.478447,-80.992208,276.82,20.13,110900,,
46.478475,-80.992178,276.97,20.125,111000,,
46.478503,-80.992145,276.89,20.243,111100,,
46.478531,-80.992113,276.82,20.336,111200,,
46.47856,-80.99208,276.75,20.161,111300,,
46.478588,-80.992047,276.68,20.197,111400,,
46.478615,-80.992016,276.7,20.084,111500,,
46.478643,-80.991983,276.64,20.104,111600,,
46.478671,-80.991951,276.57,19.904,111700,,
46.478699,-80.991919,276.53,19.765,111800,,
46.478727,-80.991887,276.51,19.647,111900,,
46.478754,-80.991856,276.53,19.647,112000,,
46.478781,-80.991825,276.54,19.595,112100,,
46.478809,-80.991793,276.55,19.472,112200,,
46.478836,-80.991761,276.56,19.338,112300,,
46.478864,-80.99173,276.6,19.456,112400,,
46.478891,-80.991702,276.73,19.379,112500,,
46.478918,-80.99167,276.77,19.436,112600,,
46.478945,-80.991639,276.81,19.415,112700,,
46.478972,-80.991607,276.87,19.533,112800,,
46.478999,-80.991575,276.92,19.425,112900,,
46.479027,-80.991544,277.11,19.482,113000,,
46.479054,-80.991512,277.16,19.544,113100,,
46.479081,-80.99148,277.21,19.425,113200,,
46.479109,-80.991448,277.25,19.564,113300,,
46.479136,-80.991416,277.29,19.58,113400,,
46.479164,-80.991383,277.28,19.672,113500,,
46.479192,-80.991352,277.32,19.482,113600,,
46.479219,-80.99132,277.35,19.677,113700,,
46.479247,-80.991288,277.38,19.688,113800,,
46.479275,-80.991257,277.4,19.652,113900,,
46.479304,-80.991229,277.57,19.513,114000,,
46.479332,-80.991197,277.57,19.472,114100,,
46.47936,-80.991166,277.58,19.539,114200,,
46.479387,-80.991135,277.57,19.446,114300,,
46.479414,-80.991103,277.56,19.271,114400,,
46.479443,-80.991074,277.6,19.081,114500,,
46.47947,-80.991043,277.59,19.014,114600,,
46.479498,-80.991012,277.58,19.127,114700,,
46.479524,-80.990981,277.56,19.076,114800,,
46.479551,-80.99095,277.53,19.096,114900,,
46.479577,-80.990921,277.48,19.076,115000,,
46.479604,-80.99089,277.43,18.973,115100,,
46.47963,-80.990859,277.37,18.88,115200,,
46.479657,-80.990829,277.31,19.04,115300,,
46.479684,-80.990797,277.23,18.926,115400,,
46.479709,-80.990765,277.05,18.818,115500,,
46.479735,-80.990735,276.96,18.736,115600,,
46.479761,-80.990704,276.85,18.633,115700,,
46.479787,-80.990672,276.74,18.839,115800,,
46.479812,-80.99064,276.65,18.741,115900,,
46.479837,-80.990608,276.43,18.715,116000,,
46.479863,-80.990576,276.32,18.89,116100,,
46.479889,-80.990545,276.18,18.88,116200,,
46.479914,-80.990513,276.06,18.921,116300,,
46.479939,-80.990481,275.92,18.86,116400,,
46.479963,-80.990448,275.67,18.628,116500,,
46.479988,-80.990415,275.51,18.829,116600,,
46.480013,-80.990382,275.36,18.921,116700,,
46.480037,-80.99035,275.2,18.746,116800,,
46.480062,-80.990317,275.03,18.849,116900,,
46.480088,-80.990282,274.81,18.664,117000,,
46.480112,-80.99025,274.65,18.535,117100,,
46.480137,-80.990217,274.47,18.463,117200,,
46.480161,-80.990185,274.29,18.433,117300,,
46.480186,-80.990154,274.12,18.366,117400,,
46.480212,-80.99012,273.93,18.088,117500,,
46.480236,-80.990088,273.76,17.81,117600,,
46.48026,-80.990057,273.58,17.908,117700,,
46.480284,-80.990026,273.4,17.877,117800,,
46.480307,-80.989996,273.21,17.522,117900,,
46.480332,-80.989966,273.13,17.316,118000,,
46.480355,-80.989937,272.95,17.213,118100,,
46.480379,-80.989908,272.76,16.956,118200,,
46.480402,-80.989881,272.58,16.889,118300,,
46.480425,-80.989853,272.41,16.755,118400,,
46.480448,-80.989826,272.26,16.591,118500,,
46.480471,-80.989801,272.1,16.354,118600,,
46.480495,-80.989776,271.94,16.364,118700,,
46.480519,-80.989752,271.78,16.318,118800,,
46.480544,-80.989729,271.64,16.21,118900,,
46.480571,-80.989707,271.58,16.179,119000,,
46.480596,-80.989686,271.45,16.123,119100,,
46.480622,-80.989666,271.33,16.154,119200,,
46.480648,-80.989646,271.22,16.143,119300,,
46.480674,-80.989627,271.12,15.968,119400,,
46.480702,-80.989609,270.83,15.948,119500,,
46.480729,-80.989593,270.73,15.901,119600,,
46.480755,-80.989577,270.62,15.963,119700,,
46.480782,-80.989562,270.51,16.015,119800,,
46.480809,-80.989548,270.41,16.21,119900,,
46.480839,-80.989533,270.05,16.483,120000,,
46.480867,-80.989521,269.96,16.303,120100,,
46.480895,-80.98951,269.87,16.39,120200,,
46.480924,-80.9895,269.79,16.436,120300,,
46.480953,-80.989491,269.7,16.436,120400,,
46.480978,-80.989482,269.53,16.39,120500,,
46.481007,-80.989475,269.47,16.452,120600,,
46.481036,-80.989468,269.41,16.436,120700,,
46.481066,-80.989463,269.35,16.653,120800,,
46.481096,-80.989458,269.32,16.771,120900,,
46.481124,-80.989456,269.28,16.822,121000,,
46.481154,-80.989453,269.25,16.797,121100,,
46.481184,-80.98945,269.22,16.75,121200,,
46.481214,-80.989448,269.19,16.961,121300,,
46.481244,-80.989446,269.17,17.054,121400,,
46.481274,-80.989445,269.07,17.152,121500,,
46.481305,-80.989443,269.05,16.992,121600,,
46.481336,-80.989442,269.03,17.033,121700,,
46.481366,-80.989442,269.03,17.064,121800,,
46.481397,-80.989441,269.03,17.177,121900,,
46.481427,-80.989442,268.79,17.234,122000,,
46.481458,-80.989441,268.79,17.265,122100,,
46.481489,-80.98944,268.79,17.244,122200,,
46.48152,-80.98944,268.79,17.203,122300,,
46.481551,-80.989438,268.79,17.517,122400,,
46.481584,-80.989441,268.72,17.326,122500,,
46.481615,-80.989441,268.72,17.399,122600,,
46.481646,-80.989441,268.73,17.471,122700,,
46.481678,-80.989441,268.75,17.46,122800,,
46.481709,-80.989441,268.77,17.712,122900,,
46.481743,-80.989441,268.65,17.687,123000,,
46.481774,-80.989441,268.69,17.64,123100,,
46.481806,-80.989441,268.72,17.661,123200,,
46.481837,-80.989441,268.76,17.717,123300,,
46.481869,-80.989441,268.81,17.764,123400,,
46.481902,-80.989442,268.73,17.553,123500,,
46.481934,-80.989441,268.78,17.373,123600,,
46.481965,-80.989441,268.83,17.424,123700,,
46.481997,-80.989441,268.88,17.543,123800,,
46.482028,-80.989441,268.95,17.424,123900,,
46.482061,-80.98944,268.83,17.419,124000,,
46.482092,-80.989439,268.91,17.342,124100,,
46.482123,-80.989438,268.99,17.296,124200,,
46.482153,-80.989438,269.08,17.29,124300,,
46.482184,-80.989437,269.18,17.301,124400,,
46.482216,-80.989437,269.1,17.177,124500,,
46.482246,-80.989436,269.19,17.033,124600,,
46.482276,-80.989436,269.28,16.899,124700,,
46.482307,-80.989435,269.38,16.936,124800,,
46.482337,-80.989435,269.47,16.848,124900,,
46.482367,-80.989435,269.53,16.884,125000,,
46.482397,-80.989434,269.64,16.869,125100,,
46.482427,-80.989433,269.78,17.013,125200,,
46.482457,-80.989433,269.93,16.642,125300,,
46.482487,-80.989431,270.1,16.807,125400,,
46.482517,-80.989433,270.13,16.436,125500,,
46.482546,-80.989431,270.28,16.076,125600,,
46.482575,-80.989429,270.43,16.251,125700,,
46.482604,-80.989426,270.57,16.123,125800,,
46.482633,-80.989423,270.71,15.855,125900,,
46.482661,-80.989424,270.8,15.598,126000,,
46.482689,-80.989419,270.96,15.66,126100,,
46.482718,-80.989415,271.12,15.973,126200,,
46.482747,-80.989409,271.25,15.865,126300,,
46.482775,-80.989403,271.36,16.246,126400,,
46.482803,-80.989401,271.41,16.287,126500,,
46.482833,-80.989396,271.5,16.277,126600,,
46.482862,-80.989391,271.6,16.431,126700,,
46.482891,-80.989387,271.71,16.375,126800,,
46.48292,-80.989383,271.81,16.236,126900,,
46.482948,-80.989379,271.9,16.354,127000,,
46.482977,-80.989375,272.02,16.457,127100,,
46.483007,-80.989372,272.14,16.282,127200,,
46.483036,-80.989368,272.26,16.406,127300,,
46.483066,-80.989365,272.36,16.447,127400,,
46.483094,-80.989362,272.3,16.287,127500,,
46.483123,-80.98936,272.39,16.483,127600,,
46.483153,-80.989358,272.48,16.503,127700,,
46.483182,-80.989356,272.57,16.658,127800,,
46.483213,-80.989353,272.64,16.735,127900,,
46.483243,-80.989351,272.66,16.899,128000,,
46.483274,-80.989349,272.72,17.044,128100,,
46.483304,-80.989347,272.76,17.275,128200,,
46.483335,-80.989345,272.8,17.352,128300,,
46.483367,-80.989344,272.83,17.28,128400,,
46.483398,-80.989341,272.78,17.249,128500,,
46.483429,-80.98934,272.82,17.301,128600,,
46.48346,-80.989339,272.86,17.332,128700,,
46.483491,-80.989339,272.89,17.362,128800,,
46.483523,-80.989338,272.93,17.429,128900,,
46.483558,-80.989338,273.01,17.285,129000,,
46.483589,-80.989338,273.05,17.296,129100,,
46.48362,-80.989339,273.08,17.383,129200,,
46.483652,-80.989339,273.12,17.676,129300,,
46.483683,-80.98934,273.16,17.764,129400,,
46.483718,-80.989345,273.26,17.743,129500,,
46.48375,-80.989346,273.3,17.717,129600,,
46.483782,-80.989347,273.35,17.738,129700,,
46.483814,-80.989349,273.39,17.712,129800,,
46.483846,-80.98935,273.42,17.928,129900,,
46.483883,-80.989352,273.52,17.923,130000,,
46.483915,-80.989354,273.55,18.108,130100,,
46.483948,-80.989355,273.59,18.16,130200,,
46.48398,-80.989356,273.61,18.206,130300,,
46.484014,-80.989357,273.65,18.618,130400,,
46.484049,-80.98936,273.65,18.546,130500,,
46.484082,-80.989361,273.69,18.643,130600,,
46.484116,-80.989363,273.71,18.659,130700,,
46.484149,-80.989364,273.74,18.268,130800,,
46.484183,-80.989365,273.76,18.535,130900,,
46.484218,-80.989364,273.79,18.669,131000,,
46.484252,-80.989365,273.81,18.751,131100,,
46.484286,-80.989365,273.83,18.808,131200,,
46.48432,-80.989366,273.85,18.782,131300,,
46.484353,-80.989366,273.88,18.808,131400,,
46.48439,-80.989367,273.81,18.803,131500,,
46.484423,-80.989367,273.85,18.921,131600,,
46.484457,-80.989368,273.88,18.839,131700,,
46.484491,-80.989368,273.92,18.87,131800,,
46.484525,-80.989368,273.95,18.813,131900,,
46.48456,-80.989369,273.89,18.762,132000,,
46.484593,-80.98937,273.91,18.623,132100,,
46.484626,-80.98937,273.94,18.685,132200,,
46.48466,-80.98937,273.97,18.911,132300,,
46.484694,-80.989371,274,18.906,132400,,
46.484728,-80.989371,273.92,18.88,132500,,
46.484762,-80.989371,273.96,18.896,132600,,
46.484796,-80.989371,274.01,18.834,132700,,
46.484829,-80.98937,274.05,18.767,132800,,
46.484863,-80.989369,274.1,18.803,132900,,
46.484898,-80.98937,274.19,18.582,133000,,
46.484932,-80.98937,274.22,18.17,133100,,
46.484965,-80.989369,274.25,18.273,133200,,
46.484998,-80.989369,274.28,18.047,133300,,
46.485031,-80.989368,274.32,18.669,133400,,
46.485067,-80.98937,274.38,18.391,133500,,
46.4851,-80.98937,274.42,18.479,133600,,
46.485134,-80.989369,274.46,18.35,133700,,
46.485167,-80.989369,274.5,18.453,133800,,
46.4852,-80.989368,274.54,18.566,133900,,
46.485236,-80.989371,274.59,18.417,134000,,
46.485269,-80.98937,274.63,18.366,134100,,
46.485302,-80.989369,274.66,18.361,134200,,
46.485334,-80.989369,274.7,18.438,134300,,
46.485368,-80.989368,274.74,18.69,134400,,
46.485403,-80.989367,274.76,18.546,134500,,
46.485436,-80.989366,274.79,18.494,134600,,
46.485469,-80.989365,274.8,18.556,134700,,
46.485502,-80.989364,274.81,18.561,134800,,
46.485535,-80.989362,274.81,18.721,134900,,
46.48557,-80.98936,274.72,18.803,135000,,
46.485604,-80.989359,274.71,18.757,135100,,
46.485637,-80.989358,274.69,18.438,135200,,
46.485671,-80.989357,274.66,18.607,135300,,
46.485704,-80.989356,274.64,18.854,135400,,
46.485739,-80.989356,274.52,18.849,135500,,
46.485773,-80.989355,274.48,18.86,135600,,
46.485807,-80.989354,274.45,19.009,135700,,
46.485841,-80.989353,274.41,18.921,135800,,
46.485875,-80.989352,274.36,18.988,135900,,
46.485909,-80.989353,274.25,18.885,136000,,
46.485943,-80.989352,274.2,18.818,136100,,
46.485976,-80.989352,274.14,18.741,136200,,
46.48601,-80.989351,274.07,18.741,136300,,
46.486044,-80.98935,274,18.659,136400,,
46.486077,-80.98935,273.91,18.556,136500,,
46.48611,-80.989349,273.83,18.566,136600,,
46.486143,-80.989348,273.73,18.458,136700,,
46.486176,-80.989347,273.63,18.448,136800,,
46.486209,-80.989347,273.52,18.155,136900,,
46.486242,-80.989344,273.3,18.16,137000,,
46.486275,-80.989343,273.17,17.81,137100,,
46.486306,-80.989343,273.02,17.702,137200,,
46.486338,-80.989342,272.88,17.825,137300,,
46.48637,-80.989341,272.72,17.615,137400,,
46.486403,-80.989339,272.47,17.419,137500,,
46.486434,-80.989338,272.31,17.167,137600,,
46.486465,-80.989337,272.14,17.023,137700,,
46.486495,-80.989337,271.96,16.689,137800,,
46.486525,-80.989336,271.79,16.555,137900,,
46.486555,-80.989333,271.51,16.658,138000,,
46.486585,-80.989332,271.34,16.251,138100,,
46.486614,-80.989331,271.17,15.953,138200,,
46.486643,-80.98933,270.99,16.082,138300,,
46.486672,-80.98933,270.82,16.076,138400,,
46.486702,-80.989327,270.58,16.256,138500,,
46.486731,-80.989326,270.4,16.01,138600,,
46.48676,-80.989325,270.21,15.968,138700,,
46.486789,-80.989324,270.03,16.015,138800,,
46.486818,-80.989323,269.84,16.184,138900,,
46.486849,-80.989321,269.61,16.205,139000,,
46.486878,-80.98932,269.42,16.179,139100,,
46.486907,-80.989318,269.24,15.953,139200,,
46.486936,-80.989317,269.05,16.436,139300,,
46.486966,-80.989316,268.86,16.539,139400,,
46.486995,-80.989312,268.55,16.421,139500,,
46.487025,-80.98931,268.35,16.488,139600,,
46.487054,-80.989308,268.14,16.473,139700,,
46.487084,-80.989306,267.94,16.509,139800,,
46.487113,-80.989304,267.74,16.334,139900,,
46.487143,-80.989299,267.44,16.385,140000,,
46.487172,-80.989296,267.25,16.411,140100,,
46.487202,-80.989294,267.06,16.581,140200,,
46.487232,-80.989291,266.86,16.514,140300,,
46.487262,-80.989288,266.67,16.462,140400,,
46.487292,-80.989282,266.58,16.38,140500,,
46.487322,-80.989278,266.39,16.673,140600,,
46.487352,-80.989275,266.22,16.617,140700,,
46.487381,-80.989271,266.06,16.57,140800,,
46.487411,-80.989267,265.9,16.617,140900,,
46.48744,-80.989262,265.64,16.802,141000,,
46.48747,-80.989257,265.5,16.807,141100,,
46.487499,-80.989253,265.37,16.807,141200,,
46.487529,-80.989248,265.24,16.791,141300,,
46.487559,-80.989243,265.12,16.704,141400,,
46.487588,-80.989239,264.97,16.858,141500,,
46.487617,-80.989233,264.87,16.781,141600,,
46.487647,-80.989227,264.76,16.678,141700,,
46.487677,-80.989222,264.66,16.668,141800,,
46.487707,-80.989216,264.57,16.807,141900,,
46.487734,-80.989211,264.43,16.704,142000,,
46.487764,-80.989206,264.36,16.91,142100,,
46.487794,-80.9892,264.29,16.755,142200,,
46.487823,-80.989195,264.21,16.863,142300,,
46.487853,-80.989189,264.14,16.858,142400,,
46.487882,-80.989185,264.07,16.797,142500,,
46.487912,-80.98918,264,16.853,142600,,
46.487941,-80.989175,263.93,16.591,142700,,
46.487971,-80.98917,263.85,16.653,142800,,
46.488,-80.989164,263.78,16.622,142900,,
46.488026,-80.989161,263.8,16.586,143000,,
46.488055,-80.989155,263.72,16.519,143100,,
46.488084,-80.98915,263.64,16.339,143200,,
46.488113,-80.989144,263.55,16.215,143300,,
46.488142,-80.989139,263.47,16.046,143400,,
46.488167,-80.989135,263.37,15.943,143500,,
46.488195,-80.98913,263.29,15.5,143600,,
46.488222,-80.989125,263.2,15.31,143700,,
46.48825,-80.98912,263.1,14.975,143800,,
46.488276,-80.989115,263.01,14.837,143900,,
46.488299,-80.989111,262.78,14.621,144000,,
46.488325,-80.989106,262.7,14.425,144100,,
46.488351,-80.989101,262.63,14.343,144200,,
46.488376,-80.989097,262.55,14.219,144300,,
46.488401,-80.989093,262.49,13.772,144400,,
46.488422,-80.989089,262.34,13.684,144500,,
46.488447,-80.989085,262.28,13.468,144600,,
46.48847,-80.989081,262.22,13.098,144700,,
46.488493,-80.989077,262.15,12.763,144800,,
46.488516,-80.989074,262.09,12.666,144900,,
46.488536,-80.989069,261.94,12.403,145000,,
46.488557,-80.989065,261.88,12.033,145100,,
46.488579,-80.989063,261.82,11.837,145200,,
46.488599,-80.98906,261.76,11.41,145300,,
46.48862,-80.989057,261.7,11.277,145400,,
46.488638,-80.989055,261.66,11.313,145500,,
46.488657,-80.989052,261.61,10.978,145600,,
46.488677,-80.98905,261.56,10.88,145700,,
46.488696,-80.989047,261.51,10.721,145800,,
46.488715,-80.989045,261.46,10.67,145900,,
46.488732,-80.989042,261.38,10.587,146000,,
46.488751,-80.98904,261.33,10.407,146100,,
46.488769,-80.989038,261.28,10.309,146200,,
46.488788,-80.989036,261.24,10.083,146300,,
46.488806,-80.989034,261.21,9.805,146400,,
46.488821,-80.989033,261.17,9.564,146500,,
46.488838,-80.989031,261.13,9.188,146600,,
46.488855,-80.98903,261.1,9.008,146700,,
46.488871,-80.989028,261.06,8.818,146800,,
46.488886,-80.989027,261.04,8.74,146900,,
46.4889,-80.989026,260.95,8.283,147000,,
46.488915,-80.989025,260.92,7.933,147100,,
46.488929,-80.989024,260.91,7.639,147200,,
46.488942,-80.989024,260.89,7.403,147300,,
46.488955,-80.989023,260.87,7.074,147400,,
46.488965,-80.989023,260.88,6.688,147500,,
46.488976,-80.989022,260.87,6.353,147600,,
46.488987,-80.989022,260.85,5.983,147700,,
46.488997,-80.989021,260.83,5.571,147800,,
46.489007,-80.989021,260.82,5.252,147900,,
46.489016,-80.989021,260.83,5.052,148000,,
46.489025,-80.98902,260.82,4.856,148100,,
46.489034,-80.98902,260.8,4.717,148200,,
46.489042,-80.98902,260.79,4.666,148300,,
46.489051,-80.989019,260.78,4.501,148400,,
46.489061,-80.989021,260.78,4.491,148500,,
46.489069,-80.989021,260.77,4.044,148600,,
46.489076,-80.989021,260.76,3.894,148700,,
46.489083,-80.989021,260.74,3.622,148800,,
46.489089,-80.98902,260.73,3.519,148900,,
46.489098,-80.989022,260.71,3.359,149000,,
46.489104,-80.989022,260.7,2.999,149100,,
46.489109,-80.989021,260.69,2.577,149200,,
46.489114,-80.989021,260.68,2.526,149300,,
46.489118,-80.98902,260.66,2.33,149400,,
46.489126,-80.989022,260.79,1.898,149500,,
46.489129,-80.989022,260.78,1.554,149600,,
46.489132,-80.989021,260.77,1.353,149700,,
46.489134,-80.98902,260.76,1.363,149800,,
46.489137,-80.98902,260.76,1.116,149900,,
46.489141,-80.98902,260.87,0.787,150000,,
46.489142,-80.98902,260.86,0.514,150100,,
46.489144,-80.98902,260.86,0.597,150200,,
46.489145,-80.989021,260.85,0.35,150300,,
46.489145,-80.98902,260.85,0.36,150400,,
46.489146,-80.989019,260.89,0.231,150500,,
46.489146,-80.989019,260.89,0.216,150600,,
46.489146,-80.989019,260.89,0.396,150700,,
46.489146,-80.989019,260.89,0.422,150800,,
46.489146,-80.989019,260.89,0.34,150900,,
46.489146,-80.989019,260.89,0.473,151000,,
46.489146,-80.989019,260.89,0.597,151100,,
46.489147,-80.989019,260.89,0.664,151200,,
46.489148,-80.989019,260.89,0.777,151300,,
46.489149,-80.989019,260.89,0.895,151400,,
46.489151,-80.989017,261.01,1.137,151500,,
46.489153,-80.989017,261.01,1.353,151600,,
46.489156,-80.989017,261.01,1.564,151700,,
46.489159,-80.989017,261.01,2.001,151800,,
46.489163,-80.989016,261.01,2.536,151900,,
46.489165,-80.989018,261.31,2.907,152000,,
46.489171,-80.989018,261.32,3.267,152100,,
46.489177,-80.989017,261.32,3.853,152200,,
46.489185,-80.989017,261.33,4.45,152300,,
46.489193,-80.989016,261.34,4.928,152400,,
46.489201,-80.989012,261.54,5.175,152500,,
46.48921,-80.989011,261.55,5.628,152600,,
46.489221,-80.989011,261.56,5.854,152700,,
46.489232,-80.98901,261.56,6.235,152800,,
46.489244,-80.98901,261.57,6.806,152900,,
46.489257,-80.989011,261.54,7.099,153000,,
46.489269,-80.98901,261.55,7.465,153100,,
46.489283,-80.989009,261.56,7.938,153200,,
46.489297,-80.989009,261.57,8.313,153300,,
46.489313,-80.989009,261.58,8.674,153400,,
46.489328,-80.989008,261.6,9.126,153500,,
46.489345,-80.989007,261.61,9.25,153600,,
46.489362,-80.989007,261.61,9.538,153700,,
46.489379,-80.989008,261.61,9.805,153800,,
46.489398,-80.989008,261.62,10.114,153900,,
46.489417,-80.989008,261.63,10.392,154000,,
46.489436,-80.989008,261.63,10.731,154100,,
46.489455,-80.989009,261.63,10.983,154200,,
46.489475,-80.989009,261.64,11.38,154300,,
46.489496,-80.989008,261.64,11.652,154400,,
46.489518,-80.989007,261.69,12.028,154500,,
46.489539,-80.989007,261.7,12.213,154600,,
46.489562,-80.989007,261.7,12.486,154700,,
46.489584,-80.989007,261.7,12.702,154800,,
46.489608,-80.989007,261.69,13.077,154900,,
46.489632,-80.989008,261.79,13.17,155000,,
46.489656,-80.989008,261.78,13.422,155100,,
46.48968,-80.989008,261.77,13.684,155200,,
46.489705,-80.989009,261.76,13.828,155300,,
46.48973,-80.989009,261.76,14.024,155400,,
46.489757,-80.989013,261.89,14.178,155500,,
46.489782,-80.989013,261.88,14.214,155600,,
46.489807,-80.989014,261.87,14.338,155700,,
46.489833,-80.989015,261.86,14.296,155800,,
46.489859,-80.989015,261.86,14.404,155900,,
46.489886,-80.989017,261.92,14.543,156000,,
46.489912,-80.989017,261.91,14.451,156100,,
46.489938,-80.989018,261.9,14.641,156200,,
46.489965,-80.989018,261.88,14.723,156300,,
46.489991,-80.989018,261.86,14.636,156400,,
46.490019,-80.989014,261.83,14.811,156500,,
46.490046,-80.989014,261.79,14.878,156600,,
46.490072,-80.989014,261.76,14.873,156700,,
46.490099,-80.989014,261.73,14.97,156800,,
46.490126,-80.989014,261.69,15.042,156900,,
46.490155,-80.989014,261.57,14.945,157000,,
46.490181,-80.989014,261.55,14.919,157100,,
46.490208,-80.989013,261.51,14.893,157200,,
46.490235,-80.989013,261.49,14.934,157300,,
46.490262,-80.989012,261.47,15.089,157400,,
46.490291,-80.989011,261.38,15.341,157500,,
46.490318,-80.989011,261.36,15.454,157600,,
46.490346,-80.989011,261.35,15.48,157700,,
46.490374,-80.989011,261.34,15.685,157800,,
46.490402,-80.989011,261.33,15.86,157900,,
46.490434,-80.98901,261.42,15.994,158000,,
46.490462,-80.98901,261.41,16.051,158100,,
46.490491,-80.989009,261.4,16.123,158200,,
46.49052,-80.989009,261.39,16.118,158300,,
46.490549,-80.989009,261.39,16.082,158400,,
46.490582,-80.98901,261.46,16.226,158500,,
46.490611,-80.98901,261.45,16.303,158600,,
46.49064,-80.989009,261.45,16.328,158700,,
46.49067,-80.989009,261.45,16.143,158800,,
46.490699,-80.989008,261.46,16.334,158900,,
46.490732,-80.989009,261.58,16.184,159000,,
46.490761,-80.989008,261.58,16.133,159100,,
46.49079,-80.989008,261.57,16.056,159200,,
46.490818,-80.989008,261.56,15.937,159300,,
46.490847,-80.989007,261.55,15.793,159400,,
46.490877,-80.989007,261.4,15.583,159500,,
46.490905,-80.989008,261.39,15.073,159600,,
46.490931,-80.989008,261.39,14.348,159700,,
46.490956,-80.98901,261.4,13.736,159800,,
46.49098,-80.989011,261.4,13.005,159900,,
46.491006,-80.989014,261.3,12.033,160000,,
46.491026,-80.989016,261.3,11.169,160100,,
46.491045,-80.989018,261.31,10.212,160200,,
46.491063,-80.98902,261.31,9.409,160300,,
46.491079,-80.989023,261.31,8.674,160400,,
46.491097,-80.989023,261.21,7.804,160500,,
46.49111,-80.989025,261.21,7.207,160600,,
46.491123,-80.989027,261.22,6.533,160700,,
46.491133,-80.989029,261.22,5.813,160800,,
46.491143,-80.98903,261.22,5.036,160900,,
46.491154,-80.989033,261.16,4.27,161000,,
46.491161,-80.989034,261.16,3.591,161100,,
46.491167,-80.989035,261.17,3.025,161200,,
46.491172,-80.989036,261.17,2.608,161300,,
46.491177,-80.989037,261.18,2.356,161400,,
46.491183,-80.989038,261.15,1.888,161500,,
46.491186,-80.989038,261.16,1.224,161600,,
46.491188,-80.989039,261.16,0.833,161700,,
46.49119,-80.989039,261.17,0.725,161800,,
46.491191,-80.98904,261.17,0.684,161900,,
46.491191,-80.989038,261.34,0.437,162000,,
46.491192,-80.989038,261.34,0.087,162100,,
46.491192,-80.989039,261.34,0.118,162200,,
46.491192,-80.989039,261.35,0.082,162300,,
46.491192,-80.989038,261.35,0.067,162400,,
46.491192,-80.989028,261.51,0.026,162500,,
46.491192,-80.989028,261.51,0.031,162600,,
46.491192,-80.989028,261.51,0.072,162700,,
46.491192,-80.989028,261.51,0.077,162800,,
46.491192,-80.989028,261.51,0.041,162900,,
46.491192,-80.989028,261.51,0.087,163000,,
46.491192,-80.989028,261.51,0.015,163100,,
46.491192,-80.989028,261.51,0.051,163200,,
46.491192,-80.989028,261.51,0.026,163300,,
46.491192,-80.989028,261.51,0.149,163400,,
46.491192,-80.989028,261.51,0.134,163500,,
46.491192,-80.989028,261.51,0.036,163600,,
46.491192,-80.989028,261.51,0.036,163700,,
46.491192,-80.989028,261.51,0.051,163800,,
46.491192,-80.989028,261.51,0.072,163900,,
46.491192,-80.989028,261.51,0.041,164000,,
46.491192,-80.989028,261.51,0.082,164100,,
46.491192,-80.989028,261.51,0.062,164200,,
46.491192,-80.989028,261.51,0.041,164300,,
46.491192,-80.989028,261.51,0.087,164400,,
46.491192,-80.989028,261.51,0.139,164500,,
46.491192,-80.989028,261.51,0.031,164600,,
46.491192,-80.989028,261.51,0.082,164700,,
46.491192,-80.989028,261.51,0.072,164800,,
46.491192,-80.989028,261.51,0.026,164900,,
46.491192,-80.989028,261.51,0.206,165000,,
46.491192,-80.989028,261.51,0.031,165100,,
46.491192,-80.989028,261.51,0.165,165200,,
46.491192,-80.989028,261.51,0.103,165300,,
46.491192,-80.989028,261.51,0.149,165400,,
46.491192,-80.989028,261.51,0.021,165500,,
46.491192,-80.989028,261.51,0.031,165600,,
46.491192,-80.989028,261.51,0.103,165700,,
46.491192,-80.989028,261.51,0.093,165800,,
46.491192,-80.989028,261.51,0.051,165900,,
46.491192,-80.989028,261.51,0.031,166000,,
46.491192,-80.989028,261.51,0.046,166100,,
46.491192,-80.989028,261.51,0.041,166200,,
46.491192,-80.989028,261.51,0.031,166300,,
46.491192,-80.989028,261.51,0.067,166400,,
46.491192,-80.989028,261.51,0.072,166500,,
46.491192,-80.989028,261.51,0.129,166600,,
46.491192,-80.989028,261.51,0.139,166700,,
46.491192,-80.989028,261.51,0.067,166800,,
46.491192,-80.989028,261.51,0.072,166900,,
46.491192,-80.989028,261.51,0.057,167000,,
46.491192,-80.989028,261.51,0.057,167100,,
46.491192,-80.989028,261.51,0.031,167200,,
46.491192,-80.989028,261.51,0.015,167300,,
46.491192,-80.989028,261.51,0.041,167400,,
46.491192,-80.989028,261.51,0.062,167500,,
46.491192,-80.989028,261.51,0.221,167600,,
46.491192,-80.989028,261.51,0.262,167700,,
46.491192,-80.989028,261.51,0.165,167800,,
46.491192,-80.989028,261.51,0.098,167900,,
46.491192,-80.989028,261.51,0.206,168000,,
46.491192,-80.989028,261.51,0.067,168100,,
46.491192,-80.989028,261.51,0.134,168200,,
46.491192,-80.989028,261.51,0.021,168300,,
46.491192,-80.989028,261.51,0.098,168400,,
46.491192,-80.989028,261.51,0.087,168500,,
46.491192,-80.989028,261.51,0.093,168600,,
46.491192,-80.989028,261.51,0.093,168700,,
46.491192,-80.989028,261.51,0.062,168800,,
46.491192,-80.989028,261.51,0.015,168900,,
46.491192,-80.989028,261.51,0.108,169000,,
46.491192,-80.989028,261.51,0.062,169100,,
46.491192,-80.989028,261.51,0.129,169200,,
46.491192,-80.989028,261.51,0.093,169300,,
46.491192,-80.989028,261.51,0.103,169400,,
46.491192,-80.989028,261.51,0.026,169500,,
46.491192,-80.989028,261.51,0.031,169600,,
46.491192,-80.989028,261.51,0.093,169700,,
46.491192,-80.989028,261.51,0.031,169800,,
46.491192,-80.989028,261.51,0.062,169900,,
46.491192,-80.989028,261.51,0.077,170000,,
46.491192,-80.989028,261.51,0.021,170100,,
46.491192,-80.989028,261.51,0.072,170200,,
46.491192,-80.989028,261.51,0.005,170300,,
46.491192,-80.989028,261.51,0.051,170400,,
46.491192,-80.989028,261.51,0.057,170500,,
46.491192,-80.989028,261.51,0.057,170600,,
46.491192,-80.989028,261.51,0.072,170700,,
46.491192,-80.989028,261.51,0.051,170800,,
46.491192,-80.989028,261.51,0.093,170900,,
46.491192,-80.989028,261.51,0.118,171000,,
46.491192,-80.989028,261.51,0.144,171100,,
46.491192,-80.989028,261.51,0.298,171200,,
46.491192,-80.989028,261.51,0.581,171300,,
46.491192,-80.989028,261.51,0.947,171400,,
46.491192,-80.989028,261.51,1.291,171500,,
46.491194,-80.989029,261.51,1.507,171600,,
46.491197,-80.98903,261.49,1.857,171700,,
46.4912,-80.989033,261.44,2.438,171800,,
46.491205,-80.989035,261.37,3.215,171900,,
46.491203,-80.989035,261.28,3.843,172000,,
46.491209,-80.989037,261.23,3.74,172100,,
46.491216,-80.98904,261.17,3.509,172200,,
46.491222,-80.989043,261.1,4.424,172300,,
46.49123,-80.989046,261.02,5.355,172400,,
46.49123,-80.989048,261.08,5.798,172500,,
46.49124,-80.98905,261.03,5.299,172600,,
46.491248,-80.989054,260.96,5.139,172700,,
46.491257,-80.989058,260.88,5.7,172800,,
46.491268,-80.989062,260.8,6.667,172900,,
46.49128,-80.989066,260.61,6.575,173000,,
46.491291,-80.98907,260.54,6.256,173100,,
46.491302,-80.989074,260.47,6.472,173200,,
46.491314,-80.989079,260.4,6.801,173300,,
46.491326,-80.989083,260.34,7.192,173400,,
46.491338,-80.989088,260.12,7.115,173500,,
46.49135,-80.989093,260.05,7.084,173600,,
46.491362,-80.989098,259.98,7.357,173700,,
46.491375,-80.989104,259.92,7.706,173800,,
46.491388,-80.98911,259.86,7.979,173900,,
46.491401,-80.989116,259.72,7.938,174000,,
46.491415,-80.989122,259.66,7.784,174100,,
46.491428,-80.989128,259.6,7.938,174200,,
46.491442,-80.989135,259.54,8.319,174300,,
46.491456,-80.989142,259.5,8.493,174400,,
46.49147,-80.989151,259.42,8.277,174500,,
46.491484,-80.989158,259.38,8.139,174600,,
46.491498,-80.989165,259.34,8.262,174700,,
46.491512,-80.989172,259.3,8.432,174800,,
46.491526,-80.989179,259.27,8.504,174900,,
46.491541,-80.989188,259.17,8.01,175000,,
46.491554,-80.989195,259.15,7.825,175100,,
46.491567,-80.989203,259.12,7.912,175200,,
46.491581,-80.98921,259.11,8.097,175300,,
46.491594,-80.989218,259.1,8.19,175400,,
46.491609,-80.989227,258.95,7.871,175500,,
46.491621,-80.989234,258.95,7.645,175600,,
46.491634,-80.989242,258.95,7.521,175700,,
46.491646,-80.989249,258.94,7.557,175800,,
46.491659,-80.989257,258.94,7.537,175900,,
46.491674,-80.989266,258.94,7.166,176000,,
46.491686,-80.989273,258.94,6.78,176100,,
46.491698,-80.989281,258.93,6.688,176200,,
46.491709,-80.989288,258.93,6.878,176300,,
46.491721,-80.989295,258.93,6.914,176400,,
46.491736,-80.989308,259.04,6.389,176500,,
46.491746,-80.989315,259.03,6.009,176600,,
46.491757,-80.989321,259.03,5.875,176700,,
46.491766,-80.989327,259.02,5.726,176800,,
46.491775,-80.989333,259.01,5.715,176900,,
46.491788,-80.989345,259.08,5.263,177000,,
46.491796,-80.989351,259.08,4.985,177100,,
46.491804,-80.989356,259.07,5.047,177200,,
46.491812,-80.989361,259.05,4.563,177300,,
46.491819,-80.989366,259.04,4.455,177400,,
46.491827,-80.989373,259.03,3.992,177500,,
46.491833,-80.989377,259.02,3.992,177600,,
46.491839,-80.98938,259.01,3.632,177700,,
46.491844,-80.989384,258.99,3.334,177800,,
46.491849,-80.989388,258.98,3.251,177900,,
46.491856,-80.989394,259.13,2.706,178000,,
46.49186,-80.989396,259.11,1.97,178100,,
46.491863,-80.989399,259.1,1.312,178200,,
46.491866,-80.989401,259.09,1.404,178300,,
46.491869,-80.989403,259.07,1.559,178400,,
46.491874,-80.989407,259.18,1.168,178500,,
46.491876,-80.989408,259.17,0.921,178600,,
46.491877,-80.989409,259.16,0.437,178700,,
46.491877,-80.98941,259.14,0.37,178800,,
46.491878,-80.989411,259.14,0.257,178900,,
46.49188,-80.989412,259.2,0.082,179000,,
46.49188,-80.989412,259.2,0.072,179100,,
46.49188,-80.989412,259.2,0.031,179200,,
46.49188,-80.989412,259.2,0.067,179300,,
46.49188,-80.989412,259.2,0.082,179400,,
46.49188,-80.989412,259.2,0.051,179500,,
46.49188,-80.989412,259.2,0.031,179600,,
46.49188,-80.989412,259.2,0.051,179700,,
46.49188,-80.989412,259.2,0.098,179800,,
46.49188,-80.989412,259.2,0.154,179900,,
46.49188,-80.989412,259.2,0.103,180000,,
46.49188,-80.989412,259.2,0.015,180100,,
46.49188,-80.989412,259.2,0.123,180200,,
46.49188,-80.989412,259.2,0.041,180300,,
46.49188,-80.989412,259.2,0.062,180400,,
46.49188,-80.989412,259.2,0.051,180500,,
46.49188,-80.989412,259.2,0.031,180600,,
46.49188,-80.989412,259.2,0.082,180700,,
46.49188,-80.989412,259.2,0.021,180800,,
46.49188,-80.989412,259.2,0.077,180900,,
46.49188,-80.989412,259.2,0.062,181000,,
46.49188,-80.989412,259.2,0.051,181100,,
46.49188,-80.989412,259.2,0.077,181200,,
46.49188,-80.989412,259.2,0.062,181300,,
46.49188,-80.989412,259.2,0.144,181400,,
46.49188,-80.989412,259.2,0.093,181500,,
46.49188,-80.989412,259.2,0.021,181600,,
46.49188,-80.989412,259.2,0.051,181700,,
46.49188,-80.989412,259.2,0.046,181800,,
46.49188,-80.989412,259.2,0.072,181900,,
46.49188,-80.989412,259.2,0.087,182000,,
46.49188,-80.989412,259.2,0.077,182100,,
46.49188,-80.989412,259.2,0.051,182200,,
46.49188,-80.989412,259.2,0.062,182300,,
46.49188,-80.989412,259.2,0.087,182400,,
46.49188,-80.989412,259.2,0.026,182500,,
46.49188,-80.989412,259.2,0.051,182600,,
46.49188,-80.989412,259.2,0.082,182700,,
46.49188,-80.989412,259.2,0.046,182800,,
46.49188,-80.989412,259.2,0.041,182900,,
46.49188,-80.989412,259.2,0.057,183000,,
46.49188,-80.989412,259.2,0.046,183100,,
46.49188,-80.989412,259.2,0.026,183200,,
46.49188,-80.989412,259.2,0.036,183300,,
46.49188,-80.989412,259.2,0.087,183400,,